"order_id","correct","student_id","skill_name"
1,0,1,"mathematic"
2,1,1,"mathematic"
3,1,1,"mathematic"
1,1,2,"mathematic"
2,1,2,"mathematic"
1,0,3,"mathematic"
2,1,3,"mathematic"
3,1,3,"mathematic"
4,1,3,"mathematic"
5,1,3,"mathematic"
6,1,3,"mathematic"
1,0,4,"mathematic"
2,1,4,"mathematic"
1,0,5,"mathematic"
2,0,5,"mathematic"
1,0,6,"mathematic"
2,1,6,"mathematic"
3,1,6,"mathematic"
4,1,6,"mathematic"
5,1,6,"mathematic"
6,1,6,"mathematic"
7,1,6,"mathematic"
8,1,6,"mathematic"
1,0,7,"mathematic"
2,0,7,"mathematic"
3,0,7,"mathematic"
4,0,7,"mathematic"
5,0,7,"mathematic"
6,0,7,"mathematic"
7,0,7,"mathematic"
1,0,8,"mathematic"
2,0,8,"mathematic"
3,1,8,"mathematic"
4,1,8,"mathematic"
5,1,8,"mathematic"
6,1,8,"mathematic"
7,1,8,"mathematic"
8,1,8,"mathematic"
9,1,8,"mathematic"
1,0,9,"mathematic"
1,1,10,"mathematic"
1,1,11,"mathematic"
2,1,11,"mathematic"
1,0,12,"mathematic"
2,1,12,"mathematic"
3,1,12,"mathematic"
4,1,12,"mathematic"
5,1,12,"mathematic"
6,1,12,"mathematic"
1,0,13,"mathematic"
2,0,13,"mathematic"
3,0,13,"mathematic"
4,0,13,"mathematic"
5,0,13,"mathematic"
6,0,13,"mathematic"
1,0,14,"mathematic"
2,0,14,"mathematic"
3,0,14,"mathematic"
4,0,14,"mathematic"
1,0,15,"mathematic"
2,0,15,"mathematic"
1,0,16,"mathematic"
2,0,16,"mathematic"
1,0,17,"mathematic"
2,0,17,"mathematic"
1,0,18,"mathematic"
2,0,18,"mathematic"
3,0,18,"mathematic"
4,0,18,"mathematic"
5,0,18,"mathematic"
6,0,18,"mathematic"
7,0,18,"mathematic"
1,0,19,"mathematic"
2,0,19,"mathematic"
3,0,19,"mathematic"
4,0,19,"mathematic"
5,0,19,"mathematic"
6,0,19,"mathematic"
7,0,19,"mathematic"
1,0,20,"mathematic"
2,0,20,"mathematic"
3,1,20,"mathematic"
4,1,20,"mathematic"
5,1,20,"mathematic"
6,1,20,"mathematic"
7,1,20,"mathematic"
1,0,21,"mathematic"
2,1,21,"mathematic"
3,1,21,"mathematic"
4,1,21,"mathematic"
1,0,22,"mathematic"
2,0,22,"mathematic"
3,0,22,"mathematic"
4,0,22,"mathematic"
5,0,22,"mathematic"
1,0,23,"mathematic"
2,0,23,"mathematic"
1,1,24,"mathematic"
2,1,24,"mathematic"
3,1,24,"mathematic"
1,0,25,"mathematic"
2,0,25,"mathematic"
3,0,25,"mathematic"
4,0,25,"mathematic"
5,0,25,"mathematic"
6,0,25,"mathematic"
7,0,25,"mathematic"
1,1,26,"mathematic"
2,1,26,"mathematic"
3,1,26,"mathematic"
4,1,26,"mathematic"
5,1,26,"mathematic"
6,1,26,"mathematic"
1,0,27,"mathematic"
2,1,27,"mathematic"
3,1,27,"mathematic"
4,1,27,"mathematic"
5,1,27,"mathematic"
6,1,27,"mathematic"
7,1,27,"mathematic"
1,0,28,"mathematic"
2,0,28,"mathematic"
3,0,28,"mathematic"
4,0,28,"mathematic"
5,0,28,"mathematic"
1,0,29,"mathematic"
2,0,29,"mathematic"
3,0,29,"mathematic"
4,1,29,"mathematic"
5,1,29,"mathematic"
6,1,29,"mathematic"
1,0,30,"mathematic"
2,0,30,"mathematic"
3,0,30,"mathematic"
1,0,31,"mathematic"
2,0,31,"mathematic"
1,0,32,"mathematic"
2,0,32,"mathematic"
3,0,32,"mathematic"
4,0,32,"mathematic"
5,0,32,"mathematic"
6,0,32,"mathematic"
7,0,32,"mathematic"
8,1,32,"mathematic"
1,1,33,"mathematic"
2,1,33,"mathematic"
3,1,33,"mathematic"
4,1,33,"mathematic"
5,1,33,"mathematic"
6,1,33,"mathematic"
7,1,33,"mathematic"
8,1,33,"mathematic"
9,1,33,"mathematic"
10,1,33,"mathematic"
1,1,34,"mathematic"
2,1,34,"mathematic"
3,1,34,"mathematic"
4,1,34,"mathematic"
5,1,34,"mathematic"
6,1,34,"mathematic"
7,1,34,"mathematic"
8,1,34,"mathematic"
9,1,34,"mathematic"
10,1,34,"mathematic"
1,0,35,"mathematic"
1,0,36,"mathematic"
2,0,36,"mathematic"
3,1,36,"mathematic"
1,1,37,"mathematic"
2,1,37,"mathematic"
3,1,37,"mathematic"
1,0,38,"mathematic"
2,0,38,"mathematic"
3,0,38,"mathematic"
4,0,38,"mathematic"
5,0,38,"mathematic"
1,0,39,"mathematic"
2,0,39,"mathematic"
3,0,39,"mathematic"
4,0,39,"mathematic"
1,0,40,"mathematic"
2,0,40,"mathematic"
1,1,41,"mathematic"
2,0,41,"mathematic"
3,0,41,"mathematic"
4,0,41,"mathematic"
5,0,41,"mathematic"
6,0,41,"mathematic"
7,0,41,"mathematic"
8,0,41,"mathematic"
1,0,42,"mathematic"
2,1,42,"mathematic"
3,1,42,"mathematic"
4,1,42,"mathematic"
5,1,42,"mathematic"
6,1,42,"mathematic"
7,1,42,"mathematic"
8,1,42,"mathematic"
9,1,42,"mathematic"
1,0,43,"mathematic"
2,1,43,"mathematic"
3,1,43,"mathematic"
4,1,43,"mathematic"
5,1,43,"mathematic"
1,0,44,"mathematic"
1,0,45,"mathematic"
2,0,45,"mathematic"
3,1,45,"mathematic"
4,1,45,"mathematic"
1,0,46,"mathematic"
2,0,46,"mathematic"
1,0,47,"mathematic"
2,0,47,"mathematic"
1,1,48,"mathematic"
2,1,48,"mathematic"
3,1,48,"mathematic"
4,1,48,"mathematic"
5,1,48,"mathematic"
1,0,49,"mathematic"
2,0,49,"mathematic"
3,0,49,"mathematic"
4,0,49,"mathematic"
5,0,49,"mathematic"
6,0,49,"mathematic"
7,0,49,"mathematic"
8,0,49,"mathematic"
1,0,50,"mathematic"
2,1,50,"mathematic"
3,1,50,"mathematic"
4,1,50,"mathematic"
5,1,50,"mathematic"
6,1,50,"mathematic"
7,1,50,"mathematic"
8,1,50,"mathematic"
9,1,50,"mathematic"
1,0,51,"mathematic"
2,0,51,"mathematic"
3,0,51,"mathematic"
4,0,51,"mathematic"
5,0,51,"mathematic"
6,1,51,"mathematic"
7,1,51,"mathematic"
1,0,52,"mathematic"
2,1,52,"mathematic"
3,1,52,"mathematic"
4,1,52,"mathematic"
5,1,52,"mathematic"
6,1,52,"mathematic"
7,1,52,"mathematic"
8,1,52,"mathematic"
9,1,52,"mathematic"
10,1,52,"mathematic"
1,0,53,"mathematic"
2,0,53,"mathematic"
3,1,53,"mathematic"
4,1,53,"mathematic"
5,1,53,"mathematic"
6,1,53,"mathematic"
7,1,53,"mathematic"
1,0,54,"mathematic"
2,0,54,"mathematic"
3,0,54,"mathematic"
4,1,54,"mathematic"
5,1,54,"mathematic"
6,1,54,"mathematic"
1,0,55,"mathematic"
2,0,55,"mathematic"
3,0,55,"mathematic"
4,0,55,"mathematic"
1,1,56,"mathematic"
2,1,56,"mathematic"
3,1,56,"mathematic"
4,1,56,"mathematic"
5,1,56,"mathematic"
1,0,57,"mathematic"
2,0,57,"mathematic"
3,0,57,"mathematic"
4,0,57,"mathematic"
5,0,57,"mathematic"
6,0,57,"mathematic"
7,0,57,"mathematic"
8,0,57,"mathematic"
9,0,57,"mathematic"
10,0,57,"mathematic"
1,1,58,"mathematic"
2,1,58,"mathematic"
1,1,59,"mathematic"
2,1,59,"mathematic"
1,0,60,"mathematic"
2,0,60,"mathematic"
3,1,60,"mathematic"
4,1,60,"mathematic"
5,1,60,"mathematic"
1,0,61,"mathematic"
2,0,61,"mathematic"
3,0,61,"mathematic"
4,0,61,"mathematic"
5,0,61,"mathematic"
6,0,61,"mathematic"
7,1,61,"mathematic"
8,1,61,"mathematic"
9,1,61,"mathematic"
1,0,62,"mathematic"
2,1,62,"mathematic"
3,1,62,"mathematic"
4,1,62,"mathematic"
5,1,62,"mathematic"
6,1,62,"mathematic"
7,1,62,"mathematic"
8,1,62,"mathematic"
9,1,62,"mathematic"
10,1,62,"mathematic"
1,0,63,"mathematic"
2,1,63,"mathematic"
1,0,64,"mathematic"
2,0,64,"mathematic"
3,1,64,"mathematic"
4,0,64,"mathematic"
5,1,64,"mathematic"
6,1,64,"mathematic"
7,1,64,"mathematic"
8,1,64,"mathematic"
1,0,65,"mathematic"
2,1,65,"mathematic"
3,1,65,"mathematic"
4,1,65,"mathematic"
1,0,66,"mathematic"
2,1,66,"mathematic"
3,1,66,"mathematic"
4,1,66,"mathematic"
5,1,66,"mathematic"
6,1,66,"mathematic"
7,1,66,"mathematic"
8,1,66,"mathematic"
1,0,67,"mathematic"
2,0,67,"mathematic"
3,1,67,"mathematic"
4,1,67,"mathematic"
5,1,67,"mathematic"
6,1,67,"mathematic"
7,1,67,"mathematic"
8,1,67,"mathematic"
1,0,68,"mathematic"
2,0,68,"mathematic"
3,0,68,"mathematic"
4,0,68,"mathematic"
5,0,68,"mathematic"
6,0,68,"mathematic"
7,0,68,"mathematic"
8,0,68,"mathematic"
9,0,68,"mathematic"
10,0,68,"mathematic"
1,1,69,"mathematic"
2,1,69,"mathematic"
3,1,69,"mathematic"
4,1,69,"mathematic"
5,1,69,"mathematic"
6,1,69,"mathematic"
1,0,70,"mathematic"
2,0,70,"mathematic"
3,0,70,"mathematic"
4,0,70,"mathematic"
1,1,71,"mathematic"
2,0,71,"mathematic"
3,1,71,"mathematic"
4,1,71,"mathematic"
5,1,71,"mathematic"
6,1,71,"mathematic"
7,1,71,"mathematic"
8,1,71,"mathematic"
1,0,72,"mathematic"
2,0,72,"mathematic"
3,0,72,"mathematic"
4,0,72,"mathematic"
5,0,72,"mathematic"
1,0,73,"mathematic"
2,1,73,"mathematic"
3,1,73,"mathematic"
4,1,73,"mathematic"
5,1,73,"mathematic"
1,0,74,"mathematic"
2,0,74,"mathematic"
1,0,75,"mathematic"
2,0,75,"mathematic"
3,0,75,"mathematic"
4,0,75,"mathematic"
1,1,76,"mathematic"
2,1,76,"mathematic"
3,1,76,"mathematic"
4,1,76,"mathematic"
5,1,76,"mathematic"
6,1,76,"mathematic"
7,1,76,"mathematic"
1,0,77,"mathematic"
2,0,77,"mathematic"
3,0,77,"mathematic"
4,1,77,"mathematic"
5,1,77,"mathematic"
1,1,78,"mathematic"
2,1,78,"mathematic"
3,1,78,"mathematic"
4,1,78,"mathematic"
5,1,78,"mathematic"
6,1,78,"mathematic"
7,1,78,"mathematic"
8,1,78,"mathematic"
9,1,78,"mathematic"
10,1,78,"mathematic"
1,1,79,"mathematic"
2,1,79,"mathematic"
3,1,79,"mathematic"
4,1,79,"mathematic"
5,1,79,"mathematic"
6,1,79,"mathematic"
1,0,80,"mathematic"
2,0,80,"mathematic"
3,0,80,"mathematic"
4,0,80,"mathematic"
5,0,80,"mathematic"
6,0,80,"mathematic"
7,1,80,"mathematic"
8,1,80,"mathematic"
1,0,81,"mathematic"
2,0,81,"mathematic"
3,0,81,"mathematic"
4,0,81,"mathematic"
5,1,81,"mathematic"
6,1,81,"mathematic"
7,1,81,"mathematic"
1,0,82,"mathematic"
2,0,82,"mathematic"
3,0,82,"mathematic"
4,0,82,"mathematic"
5,1,82,"mathematic"
6,1,82,"mathematic"
7,1,82,"mathematic"
8,1,82,"mathematic"
1,1,83,"mathematic"
2,1,83,"mathematic"
3,1,83,"mathematic"
4,1,83,"mathematic"
5,1,83,"mathematic"
6,1,83,"mathematic"
7,1,83,"mathematic"
1,0,84,"mathematic"
2,0,84,"mathematic"
3,0,84,"mathematic"
4,0,84,"mathematic"
5,0,84,"mathematic"
1,0,85,"mathematic"
2,0,85,"mathematic"
3,0,85,"mathematic"
4,0,85,"mathematic"
5,0,85,"mathematic"
6,0,85,"mathematic"
7,0,85,"mathematic"
8,0,85,"mathematic"
1,0,86,"mathematic"
2,1,86,"mathematic"
3,1,86,"mathematic"
1,1,87,"mathematic"
1,0,88,"mathematic"
2,1,88,"mathematic"
3,1,88,"mathematic"
4,1,88,"mathematic"
1,0,89,"mathematic"
2,0,89,"mathematic"
3,0,89,"mathematic"
4,0,89,"mathematic"
5,0,89,"mathematic"
6,1,89,"mathematic"
7,1,89,"mathematic"
8,1,89,"mathematic"
9,1,89,"mathematic"
1,1,90,"mathematic"
2,1,90,"mathematic"
3,1,90,"mathematic"
1,0,91,"mathematic"
2,0,91,"mathematic"
3,0,91,"mathematic"
4,1,91,"mathematic"
5,1,91,"mathematic"
6,1,91,"mathematic"
7,1,91,"mathematic"
8,1,91,"mathematic"
9,0,91,"mathematic"
1,1,92,"mathematic"
2,1,92,"mathematic"
3,1,92,"mathematic"
4,1,92,"mathematic"
5,1,92,"mathematic"
6,1,92,"mathematic"
7,1,92,"mathematic"
8,1,92,"mathematic"
1,1,93,"mathematic"
2,1,93,"mathematic"
3,1,93,"mathematic"
4,1,93,"mathematic"
5,1,93,"mathematic"
1,0,94,"mathematic"
2,1,94,"mathematic"
1,0,95,"mathematic"
2,0,95,"mathematic"
3,1,95,"mathematic"
4,1,95,"mathematic"
1,0,96,"mathematic"
1,0,97,"mathematic"
2,0,97,"mathematic"
3,0,97,"mathematic"
4,0,97,"mathematic"
5,0,97,"mathematic"
6,0,97,"mathematic"
7,0,97,"mathematic"
8,0,97,"mathematic"
9,0,97,"mathematic"
10,0,97,"mathematic"
1,0,98,"mathematic"
2,1,98,"mathematic"
3,1,98,"mathematic"
4,1,98,"mathematic"
5,1,98,"mathematic"
1,0,99,"mathematic"
1,0,100,"mathematic"
2,0,100,"mathematic"
3,1,100,"mathematic"
4,0,100,"mathematic"
1,1,101,"mathematic"
2,1,101,"mathematic"
3,1,101,"mathematic"
4,1,101,"mathematic"
5,1,101,"mathematic"
6,1,101,"mathematic"
7,1,101,"mathematic"
8,1,101,"mathematic"
9,1,101,"mathematic"
1,1,102,"mathematic"
2,1,102,"mathematic"
3,1,102,"mathematic"
1,0,103,"mathematic"
1,0,104,"mathematic"
2,0,104,"mathematic"
3,0,104,"mathematic"
4,0,104,"mathematic"
5,0,104,"mathematic"
6,0,104,"mathematic"
7,0,104,"mathematic"
8,1,104,"mathematic"
9,1,104,"mathematic"
1,0,105,"mathematic"
2,0,105,"mathematic"
1,0,106,"mathematic"
2,0,106,"mathematic"
3,0,106,"mathematic"
4,0,106,"mathematic"
5,0,106,"mathematic"
1,0,107,"mathematic"
2,0,107,"mathematic"
3,0,107,"mathematic"
1,0,108,"mathematic"
2,0,108,"mathematic"
3,0,108,"mathematic"
4,0,108,"mathematic"
1,0,109,"mathematic"
2,0,109,"mathematic"
3,0,109,"mathematic"
4,0,109,"mathematic"
5,0,109,"mathematic"
6,0,109,"mathematic"
7,1,109,"mathematic"
8,1,109,"mathematic"
9,1,109,"mathematic"
10,1,109,"mathematic"
1,0,110,"mathematic"
2,1,110,"mathematic"
3,1,110,"mathematic"
1,0,111,"mathematic"
2,0,111,"mathematic"
3,0,111,"mathematic"
4,1,111,"mathematic"
5,0,111,"mathematic"
6,1,111,"mathematic"
1,0,112,"mathematic"
2,0,112,"mathematic"
3,0,112,"mathematic"
4,0,112,"mathematic"
5,0,112,"mathematic"
1,0,113,"mathematic"
2,0,113,"mathematic"
1,0,114,"mathematic"
2,0,114,"mathematic"
3,1,114,"mathematic"
4,1,114,"mathematic"
5,1,114,"mathematic"
1,0,115,"mathematic"
2,1,115,"mathematic"
3,1,115,"mathematic"
1,0,116,"mathematic"
1,0,117,"mathematic"
2,0,117,"mathematic"
3,1,117,"mathematic"
1,0,118,"mathematic"
2,1,118,"mathematic"
1,0,119,"mathematic"
2,0,119,"mathematic"
3,0,119,"mathematic"
4,1,119,"mathematic"
5,1,119,"mathematic"
6,1,119,"mathematic"
7,1,119,"mathematic"
1,0,120,"mathematic"
2,0,120,"mathematic"
3,0,120,"mathematic"
4,0,120,"mathematic"
5,0,120,"mathematic"
6,1,120,"mathematic"
7,1,120,"mathematic"
1,1,121,"mathematic"
2,1,121,"mathematic"
3,1,121,"mathematic"
4,1,121,"mathematic"
5,1,121,"mathematic"
6,1,121,"mathematic"
7,1,121,"mathematic"
8,1,121,"mathematic"
9,1,121,"mathematic"
1,1,122,"mathematic"
2,1,122,"mathematic"
3,1,122,"mathematic"
4,1,122,"mathematic"
5,1,122,"mathematic"
1,0,123,"mathematic"
2,1,123,"mathematic"
3,1,123,"mathematic"
4,1,123,"mathematic"
5,1,123,"mathematic"
1,0,124,"mathematic"
1,0,125,"mathematic"
2,1,125,"mathematic"
3,0,125,"mathematic"
1,1,126,"mathematic"
2,1,126,"mathematic"
1,0,127,"mathematic"
2,0,127,"mathematic"
3,0,127,"mathematic"
4,0,127,"mathematic"
5,0,127,"mathematic"
6,0,127,"mathematic"
7,0,127,"mathematic"
8,0,127,"mathematic"
9,1,127,"mathematic"
10,1,127,"mathematic"
1,0,128,"mathematic"
2,1,128,"mathematic"
3,1,128,"mathematic"
4,1,128,"mathematic"
5,1,128,"mathematic"
6,1,128,"mathematic"
1,0,129,"mathematic"
2,0,129,"mathematic"
3,0,129,"mathematic"
1,0,130,"mathematic"
1,0,131,"mathematic"
2,1,131,"mathematic"
3,1,131,"mathematic"
4,1,131,"mathematic"
5,1,131,"mathematic"
6,0,131,"mathematic"
7,1,131,"mathematic"
8,1,131,"mathematic"
1,0,132,"mathematic"
2,0,132,"mathematic"
1,0,133,"mathematic"
2,0,133,"mathematic"
3,0,133,"mathematic"
4,0,133,"mathematic"
5,0,133,"mathematic"
6,0,133,"mathematic"
7,0,133,"mathematic"
8,0,133,"mathematic"
9,0,133,"mathematic"
1,1,134,"mathematic"
2,1,134,"mathematic"
3,1,134,"mathematic"
4,1,134,"mathematic"
5,1,134,"mathematic"
6,1,134,"mathematic"
7,1,134,"mathematic"
8,1,134,"mathematic"
9,1,134,"mathematic"
1,1,135,"mathematic"
2,1,135,"mathematic"
1,1,136,"mathematic"
2,1,136,"mathematic"
3,1,136,"mathematic"
4,1,136,"mathematic"
5,1,136,"mathematic"
6,1,136,"mathematic"
7,1,136,"mathematic"
1,0,137,"mathematic"
2,0,137,"mathematic"
3,1,137,"mathematic"
4,1,137,"mathematic"
5,1,137,"mathematic"
1,0,138,"mathematic"
2,1,138,"mathematic"
3,1,138,"mathematic"
4,1,138,"mathematic"
5,1,138,"mathematic"
6,1,138,"mathematic"
7,1,138,"mathematic"
8,1,138,"mathematic"
1,0,139,"mathematic"
1,0,140,"mathematic"
2,0,140,"mathematic"
1,0,141,"mathematic"
2,0,141,"mathematic"
1,0,142,"mathematic"
2,0,142,"mathematic"
3,0,142,"mathematic"
4,0,142,"mathematic"
1,0,143,"mathematic"
2,0,143,"mathematic"
3,0,143,"mathematic"
1,1,144,"mathematic"
2,1,144,"mathematic"
3,1,144,"mathematic"
1,0,145,"mathematic"
2,0,145,"mathematic"
3,0,145,"mathematic"
4,0,145,"mathematic"
5,0,145,"mathematic"
6,0,145,"mathematic"
7,0,145,"mathematic"
8,0,145,"mathematic"
9,0,145,"mathematic"
10,1,145,"mathematic"
1,0,146,"mathematic"
2,0,146,"mathematic"
3,1,146,"mathematic"
4,1,146,"mathematic"
5,1,146,"mathematic"
6,1,146,"mathematic"
7,1,146,"mathematic"
8,1,146,"mathematic"
1,0,147,"mathematic"
2,0,147,"mathematic"
1,1,148,"mathematic"
2,1,148,"mathematic"
3,1,148,"mathematic"
4,1,148,"mathematic"
5,1,148,"mathematic"
6,0,148,"mathematic"
1,0,149,"mathematic"
1,0,150,"mathematic"
2,0,150,"mathematic"
3,0,150,"mathematic"
4,0,150,"mathematic"
5,0,150,"mathematic"
6,0,150,"mathematic"
1,0,151,"mathematic"
2,1,151,"mathematic"
3,1,151,"mathematic"
4,1,151,"mathematic"
1,0,152,"mathematic"
2,0,152,"mathematic"
3,0,152,"mathematic"
4,0,152,"mathematic"
5,0,152,"mathematic"
6,0,152,"mathematic"
7,1,152,"mathematic"
1,0,153,"mathematic"
2,0,153,"mathematic"
3,0,153,"mathematic"
4,0,153,"mathematic"
5,1,153,"mathematic"
6,1,153,"mathematic"
7,1,153,"mathematic"
1,0,154,"mathematic"
2,0,154,"mathematic"
3,0,154,"mathematic"
4,0,154,"mathematic"
5,0,154,"mathematic"
6,0,154,"mathematic"
7,0,154,"mathematic"
8,1,154,"mathematic"
9,1,154,"mathematic"
10,0,154,"mathematic"
1,1,155,"mathematic"
2,1,155,"mathematic"
3,1,155,"mathematic"
1,1,156,"mathematic"
2,1,156,"mathematic"
1,1,157,"mathematic"
2,1,157,"mathematic"
3,1,157,"mathematic"
4,1,157,"mathematic"
5,1,157,"mathematic"
6,1,157,"mathematic"
7,1,157,"mathematic"
8,1,157,"mathematic"
9,1,157,"mathematic"
1,0,158,"mathematic"
2,1,158,"mathematic"
3,1,158,"mathematic"
4,1,158,"mathematic"
5,1,158,"mathematic"
6,1,158,"mathematic"
7,1,158,"mathematic"
8,1,158,"mathematic"
9,1,158,"mathematic"
10,1,158,"mathematic"
1,0,159,"mathematic"
2,0,159,"mathematic"
3,0,159,"mathematic"
4,0,159,"mathematic"
1,0,160,"mathematic"
1,0,161,"mathematic"
2,1,161,"mathematic"
3,1,161,"mathematic"
4,1,161,"mathematic"
5,1,161,"mathematic"
6,1,161,"mathematic"
7,1,161,"mathematic"
8,1,161,"mathematic"
9,1,161,"mathematic"
1,1,162,"mathematic"
2,1,162,"mathematic"
3,1,162,"mathematic"
4,1,162,"mathematic"
5,1,162,"mathematic"
6,1,162,"mathematic"
7,1,162,"mathematic"
8,1,162,"mathematic"
1,0,163,"mathematic"
1,0,164,"mathematic"
2,0,164,"mathematic"
3,0,164,"mathematic"
4,0,164,"mathematic"
5,0,164,"mathematic"
1,0,165,"mathematic"
2,0,165,"mathematic"
3,0,165,"mathematic"
4,0,165,"mathematic"
5,0,165,"mathematic"
1,0,166,"mathematic"
2,0,166,"mathematic"
3,0,166,"mathematic"
4,0,166,"mathematic"
5,0,166,"mathematic"
1,0,167,"mathematic"
2,0,167,"mathematic"
3,0,167,"mathematic"
4,0,167,"mathematic"
1,0,168,"mathematic"
2,0,168,"mathematic"
1,0,169,"mathematic"
2,0,169,"mathematic"
3,1,169,"mathematic"
4,1,169,"mathematic"
5,1,169,"mathematic"
6,1,169,"mathematic"
7,1,169,"mathematic"
8,1,169,"mathematic"
9,1,169,"mathematic"
10,1,169,"mathematic"
1,0,170,"mathematic"
1,1,171,"mathematic"
2,1,171,"mathematic"
1,1,172,"mathematic"
2,1,172,"mathematic"
3,1,172,"mathematic"
4,1,172,"mathematic"
5,1,172,"mathematic"
6,1,172,"mathematic"
1,0,173,"mathematic"
2,0,173,"mathematic"
3,1,173,"mathematic"
1,0,174,"mathematic"
2,0,174,"mathematic"
3,0,174,"mathematic"
4,0,174,"mathematic"
5,0,174,"mathematic"
1,1,175,"mathematic"
2,1,175,"mathematic"
3,1,175,"mathematic"
4,1,175,"mathematic"
5,1,175,"mathematic"
6,1,175,"mathematic"
7,1,175,"mathematic"
8,1,175,"mathematic"
1,0,176,"mathematic"
2,0,176,"mathematic"
3,0,176,"mathematic"
4,0,176,"mathematic"
5,0,176,"mathematic"
6,0,176,"mathematic"
7,1,176,"mathematic"
8,1,176,"mathematic"
9,1,176,"mathematic"
10,1,176,"mathematic"
1,0,177,"mathematic"
1,0,178,"mathematic"
2,0,178,"mathematic"
3,1,178,"mathematic"
4,1,178,"mathematic"
5,1,178,"mathematic"
6,1,178,"mathematic"
7,1,178,"mathematic"
8,1,178,"mathematic"
9,1,178,"mathematic"
1,0,179,"mathematic"
1,1,180,"mathematic"
2,1,180,"mathematic"
3,1,180,"mathematic"
4,1,180,"mathematic"
1,0,181,"mathematic"
2,0,181,"mathematic"
3,0,181,"mathematic"
4,0,181,"mathematic"
5,0,181,"mathematic"
6,1,181,"mathematic"
7,1,181,"mathematic"
1,0,182,"mathematic"
2,1,182,"mathematic"
3,1,182,"mathematic"
4,1,182,"mathematic"
1,0,183,"mathematic"
2,1,183,"mathematic"
3,1,183,"mathematic"
4,1,183,"mathematic"
1,0,184,"mathematic"
2,0,184,"mathematic"
3,1,184,"mathematic"
4,0,184,"mathematic"
5,0,184,"mathematic"
6,0,184,"mathematic"
1,0,185,"mathematic"
2,0,185,"mathematic"
3,0,185,"mathematic"
4,0,185,"mathematic"
5,0,185,"mathematic"
6,1,185,"mathematic"
7,1,185,"mathematic"
8,1,185,"mathematic"
9,1,185,"mathematic"
1,0,186,"mathematic"
1,0,187,"mathematic"
1,1,188,"mathematic"
2,0,188,"mathematic"
3,0,188,"mathematic"
4,0,188,"mathematic"
5,0,188,"mathematic"
6,0,188,"mathematic"
7,1,188,"mathematic"
1,0,189,"mathematic"
1,0,190,"mathematic"
2,0,190,"mathematic"
3,0,190,"mathematic"
4,0,190,"mathematic"
5,1,190,"mathematic"
6,1,190,"mathematic"
7,1,190,"mathematic"
8,1,190,"mathematic"
1,0,191,"mathematic"
1,0,192,"mathematic"
2,1,192,"mathematic"
3,1,192,"mathematic"
4,1,192,"mathematic"
5,1,192,"mathematic"
6,1,192,"mathematic"
7,1,192,"mathematic"
8,1,192,"mathematic"
1,0,193,"mathematic"
2,0,193,"mathematic"
3,0,193,"mathematic"
4,0,193,"mathematic"
1,0,194,"mathematic"
2,1,194,"mathematic"
1,0,195,"mathematic"
2,1,195,"mathematic"
3,0,195,"mathematic"
4,0,195,"mathematic"
5,1,195,"mathematic"
6,1,195,"mathematic"
1,1,196,"mathematic"
2,1,196,"mathematic"
3,1,196,"mathematic"
4,1,196,"mathematic"
5,1,196,"mathematic"
6,1,196,"mathematic"
7,1,196,"mathematic"
8,1,196,"mathematic"
9,1,196,"mathematic"
1,0,197,"mathematic"
2,0,197,"mathematic"
3,0,197,"mathematic"
4,0,197,"mathematic"
5,1,197,"mathematic"
6,1,197,"mathematic"
1,0,198,"mathematic"
2,0,198,"mathematic"
3,0,198,"mathematic"
4,0,198,"mathematic"
5,0,198,"mathematic"
1,0,199,"mathematic"
2,0,199,"mathematic"
3,0,199,"mathematic"
4,0,199,"mathematic"
5,0,199,"mathematic"
6,1,199,"mathematic"
1,1,200,"mathematic"
2,1,200,"mathematic"
3,1,200,"mathematic"
1,0,201,"mathematic"
2,1,201,"mathematic"
3,1,201,"mathematic"
4,1,201,"mathematic"
1,1,202,"mathematic"
1,0,203,"mathematic"
2,0,203,"mathematic"
1,0,204,"mathematic"
2,1,204,"mathematic"
3,0,204,"mathematic"
1,0,205,"mathematic"
2,0,205,"mathematic"
3,0,205,"mathematic"
4,0,205,"mathematic"
5,0,205,"mathematic"
6,0,205,"mathematic"
1,0,206,"mathematic"
2,0,206,"mathematic"
3,0,206,"mathematic"
4,1,206,"mathematic"
1,1,207,"mathematic"
2,1,207,"mathematic"
1,0,208,"mathematic"
2,0,208,"mathematic"
1,0,209,"mathematic"
2,0,209,"mathematic"
3,0,209,"mathematic"
4,0,209,"mathematic"
5,1,209,"mathematic"
6,1,209,"mathematic"
7,1,209,"mathematic"
8,1,209,"mathematic"
9,1,209,"mathematic"
10,1,209,"mathematic"
1,0,210,"mathematic"
2,1,210,"mathematic"
3,1,210,"mathematic"
4,1,210,"mathematic"
1,0,211,"mathematic"
2,1,211,"mathematic"
3,1,211,"mathematic"
4,1,211,"mathematic"
1,0,212,"mathematic"
2,1,212,"mathematic"
1,0,213,"mathematic"
2,0,213,"mathematic"
1,0,214,"mathematic"
2,0,214,"mathematic"
3,1,214,"mathematic"
4,1,214,"mathematic"
5,1,214,"mathematic"
6,1,214,"mathematic"
7,1,214,"mathematic"
8,1,214,"mathematic"
9,1,214,"mathematic"
10,1,214,"mathematic"
1,0,215,"mathematic"
2,0,215,"mathematic"
3,0,215,"mathematic"
4,1,215,"mathematic"
5,1,215,"mathematic"
6,1,215,"mathematic"
7,1,215,"mathematic"
8,1,215,"mathematic"
1,0,216,"mathematic"
2,0,216,"mathematic"
1,1,217,"mathematic"
2,1,217,"mathematic"
3,1,217,"mathematic"
4,1,217,"mathematic"
5,1,217,"mathematic"
6,1,217,"mathematic"
7,1,217,"mathematic"
8,1,217,"mathematic"
9,1,217,"mathematic"
10,1,217,"mathematic"
1,0,218,"mathematic"
2,0,218,"mathematic"
3,0,218,"mathematic"
4,1,218,"mathematic"
5,0,218,"mathematic"
6,1,218,"mathematic"
7,1,218,"mathematic"
8,1,218,"mathematic"
1,0,219,"mathematic"
1,0,220,"mathematic"
2,0,220,"mathematic"
3,0,220,"mathematic"
4,0,220,"mathematic"
5,0,220,"mathematic"
6,0,220,"mathematic"
7,1,220,"mathematic"
8,1,220,"mathematic"
9,1,220,"mathematic"
1,0,221,"mathematic"
2,0,221,"mathematic"
3,0,221,"mathematic"
4,1,221,"mathematic"
5,1,221,"mathematic"
6,1,221,"mathematic"
7,1,221,"mathematic"
8,1,221,"mathematic"
1,0,222,"mathematic"
2,0,222,"mathematic"
3,0,222,"mathematic"
4,0,222,"mathematic"
5,0,222,"mathematic"
1,0,223,"mathematic"
2,0,223,"mathematic"
3,0,223,"mathematic"
4,0,223,"mathematic"
1,0,224,"mathematic"
1,0,225,"mathematic"
2,0,225,"mathematic"
3,0,225,"mathematic"
4,1,225,"mathematic"
5,1,225,"mathematic"
6,1,225,"mathematic"
7,1,225,"mathematic"
8,1,225,"mathematic"
9,1,225,"mathematic"
10,1,225,"mathematic"
1,1,226,"mathematic"
2,1,226,"mathematic"
3,1,226,"mathematic"
4,1,226,"mathematic"
5,1,226,"mathematic"
1,0,227,"mathematic"
2,0,227,"mathematic"
3,0,227,"mathematic"
4,0,227,"mathematic"
5,1,227,"mathematic"
1,0,228,"mathematic"
2,0,228,"mathematic"
3,1,228,"mathematic"
4,1,228,"mathematic"
5,1,228,"mathematic"
6,1,228,"mathematic"
7,1,228,"mathematic"
8,1,228,"mathematic"
9,1,228,"mathematic"
10,1,228,"mathematic"
1,0,229,"mathematic"
2,0,229,"mathematic"
3,0,229,"mathematic"
4,0,229,"mathematic"
5,0,229,"mathematic"
6,1,229,"mathematic"
7,0,229,"mathematic"
8,1,229,"mathematic"
9,1,229,"mathematic"
10,1,229,"mathematic"
1,1,230,"mathematic"
2,1,230,"mathematic"
3,1,230,"mathematic"
4,1,230,"mathematic"
5,1,230,"mathematic"
6,1,230,"mathematic"
7,1,230,"mathematic"
8,1,230,"mathematic"
1,0,231,"mathematic"
2,0,231,"mathematic"
3,0,231,"mathematic"
4,0,231,"mathematic"
1,0,232,"mathematic"
2,0,232,"mathematic"
3,0,232,"mathematic"
4,0,232,"mathematic"
1,0,233,"mathematic"
2,1,233,"mathematic"
3,1,233,"mathematic"
4,1,233,"mathematic"
5,1,233,"mathematic"
6,1,233,"mathematic"
7,1,233,"mathematic"
8,1,233,"mathematic"
9,1,233,"mathematic"
1,1,234,"mathematic"
2,1,234,"mathematic"
3,1,234,"mathematic"
4,1,234,"mathematic"
1,1,235,"mathematic"
2,1,235,"mathematic"
3,1,235,"mathematic"
4,1,235,"mathematic"
5,1,235,"mathematic"
1,0,236,"mathematic"
2,0,236,"mathematic"
3,0,236,"mathematic"
4,0,236,"mathematic"
5,0,236,"mathematic"
6,1,236,"mathematic"
7,1,236,"mathematic"
8,1,236,"mathematic"
9,1,236,"mathematic"
1,0,237,"mathematic"
2,0,237,"mathematic"
3,0,237,"mathematic"
4,0,237,"mathematic"
5,0,237,"mathematic"
6,0,237,"mathematic"
7,0,237,"mathematic"
8,0,237,"mathematic"
1,1,238,"mathematic"
2,1,238,"mathematic"
1,1,239,"mathematic"
2,1,239,"mathematic"
3,1,239,"mathematic"
4,1,239,"mathematic"
5,1,239,"mathematic"
6,1,239,"mathematic"
7,1,239,"mathematic"
1,0,240,"mathematic"
2,0,240,"mathematic"
3,0,240,"mathematic"
4,0,240,"mathematic"
5,0,240,"mathematic"
6,1,240,"mathematic"
7,1,240,"mathematic"
1,0,241,"mathematic"
2,1,241,"mathematic"
3,1,241,"mathematic"
4,1,241,"mathematic"
5,1,241,"mathematic"
6,1,241,"mathematic"
7,1,241,"mathematic"
1,0,242,"mathematic"
2,1,242,"mathematic"
3,1,242,"mathematic"
4,1,242,"mathematic"
5,1,242,"mathematic"
6,1,242,"mathematic"
7,1,242,"mathematic"
8,1,242,"mathematic"
1,0,243,"mathematic"
1,0,244,"mathematic"
2,0,244,"mathematic"
3,0,244,"mathematic"
4,0,244,"mathematic"
5,1,244,"mathematic"
1,0,245,"mathematic"
2,1,245,"mathematic"
3,1,245,"mathematic"
4,0,245,"mathematic"
5,1,245,"mathematic"
6,1,245,"mathematic"
7,1,245,"mathematic"
8,1,245,"mathematic"
1,0,246,"mathematic"
1,1,247,"mathematic"
2,1,247,"mathematic"
3,1,247,"mathematic"
4,1,247,"mathematic"
5,1,247,"mathematic"
6,1,247,"mathematic"
7,1,247,"mathematic"
1,0,248,"mathematic"
2,1,248,"mathematic"
3,1,248,"mathematic"
4,1,248,"mathematic"
5,1,248,"mathematic"
6,1,248,"mathematic"
1,0,249,"mathematic"
2,0,249,"mathematic"
3,0,249,"mathematic"
4,1,249,"mathematic"
5,1,249,"mathematic"
6,1,249,"mathematic"
7,1,249,"mathematic"
8,1,249,"mathematic"
9,1,249,"mathematic"
1,0,250,"mathematic"
2,0,250,"mathematic"
3,0,250,"mathematic"
4,0,250,"mathematic"
5,1,250,"mathematic"
6,1,250,"mathematic"
7,1,250,"mathematic"
8,1,250,"mathematic"
9,1,250,"mathematic"
1,0,251,"mathematic"
2,0,251,"mathematic"
3,0,251,"mathematic"
1,0,252,"mathematic"
2,1,252,"mathematic"
3,1,252,"mathematic"
4,1,252,"mathematic"
5,1,252,"mathematic"
1,0,253,"mathematic"
2,0,253,"mathematic"
3,0,253,"mathematic"
4,0,253,"mathematic"
1,0,254,"mathematic"
2,0,254,"mathematic"
3,0,254,"mathematic"
4,0,254,"mathematic"
1,0,255,"mathematic"
2,1,255,"mathematic"
3,1,255,"mathematic"
4,1,255,"mathematic"
5,1,255,"mathematic"
6,1,255,"mathematic"
1,0,256,"mathematic"
2,0,256,"mathematic"
3,0,256,"mathematic"
4,0,256,"mathematic"
5,0,256,"mathematic"
6,1,256,"mathematic"
1,0,257,"mathematic"
2,0,257,"mathematic"
3,0,257,"mathematic"
4,0,257,"mathematic"
5,0,257,"mathematic"
6,0,257,"mathematic"
7,1,257,"mathematic"
8,1,257,"mathematic"
1,0,258,"mathematic"
2,0,258,"mathematic"
3,0,258,"mathematic"
4,0,258,"mathematic"
5,0,258,"mathematic"
6,0,258,"mathematic"
7,0,258,"mathematic"
8,0,258,"mathematic"
1,0,259,"mathematic"
2,0,259,"mathematic"
3,0,259,"mathematic"
4,0,259,"mathematic"
5,1,259,"mathematic"
1,1,260,"mathematic"
2,1,260,"mathematic"
3,1,260,"mathematic"
4,1,260,"mathematic"
5,1,260,"mathematic"
6,1,260,"mathematic"
7,1,260,"mathematic"
8,1,260,"mathematic"
1,0,261,"mathematic"
2,0,261,"mathematic"
3,0,261,"mathematic"
4,0,261,"mathematic"
5,0,261,"mathematic"
6,1,261,"mathematic"
7,1,261,"mathematic"
1,0,262,"mathematic"
2,0,262,"mathematic"
3,0,262,"mathematic"
1,0,263,"mathematic"
2,1,263,"mathematic"
3,1,263,"mathematic"
4,1,263,"mathematic"
5,1,263,"mathematic"
6,1,263,"mathematic"
7,1,263,"mathematic"
8,1,263,"mathematic"
9,1,263,"mathematic"
10,1,263,"mathematic"
1,0,264,"mathematic"
2,0,264,"mathematic"
3,0,264,"mathematic"
4,0,264,"mathematic"
1,1,265,"mathematic"
1,0,266,"mathematic"
2,0,266,"mathematic"
3,0,266,"mathematic"
4,0,266,"mathematic"
5,0,266,"mathematic"
6,0,266,"mathematic"
1,0,267,"mathematic"
1,0,268,"mathematic"
2,0,268,"mathematic"
3,1,268,"mathematic"
1,0,269,"mathematic"
2,1,269,"mathematic"
3,1,269,"mathematic"
4,1,269,"mathematic"
5,1,269,"mathematic"
1,0,270,"mathematic"
2,0,270,"mathematic"
3,0,270,"mathematic"
4,0,270,"mathematic"
5,0,270,"mathematic"
6,0,270,"mathematic"
7,1,270,"mathematic"
8,1,270,"mathematic"
9,1,270,"mathematic"
10,1,270,"mathematic"
1,0,271,"mathematic"
2,0,271,"mathematic"
3,0,271,"mathematic"
4,0,271,"mathematic"
5,0,271,"mathematic"
6,0,271,"mathematic"
1,0,272,"mathematic"
2,0,272,"mathematic"
3,0,272,"mathematic"
4,1,272,"mathematic"
1,0,273,"mathematic"
2,0,273,"mathematic"
3,0,273,"mathematic"
4,0,273,"mathematic"
5,0,273,"mathematic"
6,0,273,"mathematic"
7,0,273,"mathematic"
8,0,273,"mathematic"
1,0,274,"mathematic"
2,1,274,"mathematic"
3,1,274,"mathematic"
4,1,274,"mathematic"
5,1,274,"mathematic"
6,1,274,"mathematic"
7,1,274,"mathematic"
8,1,274,"mathematic"
9,1,274,"mathematic"
1,0,275,"mathematic"
2,0,275,"mathematic"
3,0,275,"mathematic"
4,1,275,"mathematic"
1,1,276,"mathematic"
2,1,276,"mathematic"
3,1,276,"mathematic"
4,1,276,"mathematic"
5,1,276,"mathematic"
6,1,276,"mathematic"
1,1,277,"mathematic"
2,1,277,"mathematic"
3,1,277,"mathematic"
4,1,277,"mathematic"
1,0,278,"mathematic"
2,0,278,"mathematic"
1,0,279,"mathematic"
2,0,279,"mathematic"
3,0,279,"mathematic"
4,0,279,"mathematic"
5,0,279,"mathematic"
6,0,279,"mathematic"
7,0,279,"mathematic"
8,0,279,"mathematic"
9,1,279,"mathematic"
10,1,279,"mathematic"
1,0,280,"mathematic"
2,0,280,"mathematic"
3,0,280,"mathematic"
4,1,280,"mathematic"
5,1,280,"mathematic"
6,1,280,"mathematic"
1,1,281,"mathematic"
2,1,281,"mathematic"
3,1,281,"mathematic"
4,1,281,"mathematic"
5,1,281,"mathematic"
6,1,281,"mathematic"
7,1,281,"mathematic"
8,1,281,"mathematic"
9,1,281,"mathematic"
10,1,281,"mathematic"
1,1,282,"mathematic"
2,1,282,"mathematic"
3,1,282,"mathematic"
4,1,282,"mathematic"
5,1,282,"mathematic"
6,1,282,"mathematic"
7,1,282,"mathematic"
1,0,283,"mathematic"
2,1,283,"mathematic"
3,1,283,"mathematic"
4,1,283,"mathematic"
5,1,283,"mathematic"
6,1,283,"mathematic"
7,1,283,"mathematic"
8,1,283,"mathematic"
9,1,283,"mathematic"
1,1,284,"mathematic"
2,1,284,"mathematic"
3,1,284,"mathematic"
4,1,284,"mathematic"
5,1,284,"mathematic"
6,1,284,"mathematic"
7,1,284,"mathematic"
8,1,284,"mathematic"
9,1,284,"mathematic"
1,1,285,"mathematic"
2,1,285,"mathematic"
3,1,285,"mathematic"
4,1,285,"mathematic"
5,1,285,"mathematic"
6,1,285,"mathematic"
1,0,286,"mathematic"
2,0,286,"mathematic"
1,0,287,"mathematic"
2,0,287,"mathematic"
1,0,288,"mathematic"
2,0,288,"mathematic"
3,1,288,"mathematic"
4,0,288,"mathematic"
5,1,288,"mathematic"
6,1,288,"mathematic"
7,1,288,"mathematic"
8,1,288,"mathematic"
1,0,289,"mathematic"
1,0,290,"mathematic"
2,0,290,"mathematic"
3,0,290,"mathematic"
4,1,290,"mathematic"
5,1,290,"mathematic"
6,1,290,"mathematic"
7,1,290,"mathematic"
8,1,290,"mathematic"
9,1,290,"mathematic"
10,1,290,"mathematic"
1,0,291,"mathematic"
1,0,292,"mathematic"
2,0,292,"mathematic"
3,0,292,"mathematic"
4,1,292,"mathematic"
5,1,292,"mathematic"
6,1,292,"mathematic"
7,1,292,"mathematic"
8,1,292,"mathematic"
1,0,293,"mathematic"
2,0,293,"mathematic"
3,1,293,"mathematic"
4,1,293,"mathematic"
5,1,293,"mathematic"
6,1,293,"mathematic"
7,1,293,"mathematic"
1,1,294,"mathematic"
2,1,294,"mathematic"
3,1,294,"mathematic"
4,1,294,"mathematic"
5,1,294,"mathematic"
6,1,294,"mathematic"
7,1,294,"mathematic"
8,1,294,"mathematic"
9,1,294,"mathematic"
1,0,295,"mathematic"
2,1,295,"mathematic"
3,1,295,"mathematic"
4,1,295,"mathematic"
5,1,295,"mathematic"
6,1,295,"mathematic"
1,0,296,"mathematic"
2,1,296,"mathematic"
1,0,297,"mathematic"
2,0,297,"mathematic"
3,1,297,"mathematic"
4,1,297,"mathematic"
5,1,297,"mathematic"
6,1,297,"mathematic"
7,1,297,"mathematic"
8,1,297,"mathematic"
9,1,297,"mathematic"
10,1,297,"mathematic"
1,1,298,"mathematic"
2,1,298,"mathematic"
3,1,298,"mathematic"
4,1,298,"mathematic"
5,0,298,"mathematic"
6,1,298,"mathematic"
7,1,298,"mathematic"
8,1,298,"mathematic"
9,1,298,"mathematic"
10,1,298,"mathematic"
1,0,299,"mathematic"
2,0,299,"mathematic"
3,1,299,"mathematic"
1,1,300,"mathematic"
2,1,300,"mathematic"
3,1,300,"mathematic"
4,1,300,"mathematic"
5,1,300,"mathematic"
6,1,300,"mathematic"
7,1,300,"mathematic"
8,1,300,"mathematic"
9,1,300,"mathematic"
10,1,300,"mathematic"
1,0,301,"mathematic"
2,0,301,"mathematic"
3,0,301,"mathematic"
4,1,301,"mathematic"
5,1,301,"mathematic"
6,1,301,"mathematic"
7,1,301,"mathematic"
8,1,301,"mathematic"
9,1,301,"mathematic"
1,0,302,"mathematic"
2,0,302,"mathematic"
3,0,302,"mathematic"
4,0,302,"mathematic"
5,0,302,"mathematic"
1,0,303,"mathematic"
2,0,303,"mathematic"
3,0,303,"mathematic"
4,0,303,"mathematic"
5,0,303,"mathematic"
6,1,303,"mathematic"
7,1,303,"mathematic"
8,1,303,"mathematic"
1,0,304,"mathematic"
2,0,304,"mathematic"
1,1,305,"mathematic"
2,1,305,"mathematic"
3,1,305,"mathematic"
4,1,305,"mathematic"
5,1,305,"mathematic"
6,1,305,"mathematic"
7,1,305,"mathematic"
1,0,306,"mathematic"
2,1,306,"mathematic"
3,1,306,"mathematic"
4,1,306,"mathematic"
5,1,306,"mathematic"
6,1,306,"mathematic"
7,1,306,"mathematic"
8,1,306,"mathematic"
1,1,307,"mathematic"
2,1,307,"mathematic"
3,1,307,"mathematic"
4,0,307,"mathematic"
5,0,307,"mathematic"
6,1,307,"mathematic"
7,1,307,"mathematic"
1,0,308,"mathematic"
2,0,308,"mathematic"
3,0,308,"mathematic"
4,0,308,"mathematic"
5,0,308,"mathematic"
6,0,308,"mathematic"
7,0,308,"mathematic"
8,0,308,"mathematic"
9,0,308,"mathematic"
10,0,308,"mathematic"
1,0,309,"mathematic"
2,0,309,"mathematic"
3,0,309,"mathematic"
4,1,309,"mathematic"
5,1,309,"mathematic"
6,1,309,"mathematic"
7,1,309,"mathematic"
8,1,309,"mathematic"
9,1,309,"mathematic"
1,0,310,"mathematic"
2,0,310,"mathematic"
3,0,310,"mathematic"
1,0,311,"mathematic"
2,0,311,"mathematic"
3,0,311,"mathematic"
4,1,311,"mathematic"
5,1,311,"mathematic"
6,1,311,"mathematic"
1,1,312,"mathematic"
2,1,312,"mathematic"
3,1,312,"mathematic"
4,1,312,"mathematic"
5,1,312,"mathematic"
6,1,312,"mathematic"
1,0,313,"mathematic"
2,0,313,"mathematic"
3,0,313,"mathematic"
1,0,314,"mathematic"
2,0,314,"mathematic"
3,0,314,"mathematic"
4,1,314,"mathematic"
5,1,314,"mathematic"
6,1,314,"mathematic"
7,1,314,"mathematic"
8,1,314,"mathematic"
9,1,314,"mathematic"
1,1,315,"mathematic"
2,1,315,"mathematic"
3,1,315,"mathematic"
4,1,315,"mathematic"
5,1,315,"mathematic"
6,1,315,"mathematic"
7,1,315,"mathematic"
1,1,316,"mathematic"
2,1,316,"mathematic"
3,1,316,"mathematic"
4,1,316,"mathematic"
5,1,316,"mathematic"
6,1,316,"mathematic"
7,1,316,"mathematic"
8,1,316,"mathematic"
1,0,317,"mathematic"
2,1,317,"mathematic"
3,1,317,"mathematic"
4,1,317,"mathematic"
5,1,317,"mathematic"
6,1,317,"mathematic"
1,0,318,"mathematic"
2,0,318,"mathematic"
3,0,318,"mathematic"
1,0,319,"mathematic"
2,0,319,"mathematic"
1,1,320,"mathematic"
2,1,320,"mathematic"
3,1,320,"mathematic"
4,1,320,"mathematic"
1,1,321,"mathematic"
2,1,321,"mathematic"
3,1,321,"mathematic"
4,1,321,"mathematic"
5,1,321,"mathematic"
6,1,321,"mathematic"
7,1,321,"mathematic"
8,1,321,"mathematic"
1,0,322,"mathematic"
2,0,322,"mathematic"
3,0,322,"mathematic"
4,0,322,"mathematic"
5,1,322,"mathematic"
6,1,322,"mathematic"
7,1,322,"mathematic"
8,1,322,"mathematic"
9,1,322,"mathematic"
1,0,323,"mathematic"
2,0,323,"mathematic"
3,1,323,"mathematic"
4,1,323,"mathematic"
1,0,324,"mathematic"
2,0,324,"mathematic"
3,0,324,"mathematic"
4,1,324,"mathematic"
1,0,325,"mathematic"
1,0,326,"mathematic"
2,0,326,"mathematic"
3,1,326,"mathematic"
4,0,326,"mathematic"
1,0,327,"mathematic"
2,0,327,"mathematic"
3,0,327,"mathematic"
4,0,327,"mathematic"
5,0,327,"mathematic"
6,0,327,"mathematic"
7,1,327,"mathematic"
8,1,327,"mathematic"
9,1,327,"mathematic"
1,1,328,"mathematic"
2,1,328,"mathematic"
3,1,328,"mathematic"
4,1,328,"mathematic"
1,0,329,"mathematic"
2,0,329,"mathematic"
3,0,329,"mathematic"
1,0,330,"mathematic"
2,0,330,"mathematic"
3,1,330,"mathematic"
4,1,330,"mathematic"
5,1,330,"mathematic"
6,1,330,"mathematic"
7,1,330,"mathematic"
8,1,330,"mathematic"
9,1,330,"mathematic"
10,1,330,"mathematic"
1,1,331,"mathematic"
2,1,331,"mathematic"
3,1,331,"mathematic"
4,1,331,"mathematic"
5,1,331,"mathematic"
6,1,331,"mathematic"
7,1,331,"mathematic"
1,0,332,"mathematic"
2,0,332,"mathematic"
3,0,332,"mathematic"
4,0,332,"mathematic"
5,0,332,"mathematic"
6,0,332,"mathematic"
7,0,332,"mathematic"
8,0,332,"mathematic"
9,0,332,"mathematic"
1,0,333,"mathematic"
2,1,333,"mathematic"
1,0,334,"mathematic"
2,0,334,"mathematic"
3,1,334,"mathematic"
4,1,334,"mathematic"
5,1,334,"mathematic"
6,1,334,"mathematic"
1,0,335,"mathematic"
2,0,335,"mathematic"
3,1,335,"mathematic"
4,1,335,"mathematic"
5,1,335,"mathematic"
6,1,335,"mathematic"
7,1,335,"mathematic"
8,1,335,"mathematic"
9,1,335,"mathematic"
1,0,336,"mathematic"
2,1,336,"mathematic"
3,1,336,"mathematic"
4,1,336,"mathematic"
5,1,336,"mathematic"
6,1,336,"mathematic"
7,1,336,"mathematic"
8,1,336,"mathematic"
1,0,337,"mathematic"
2,0,337,"mathematic"
3,1,337,"mathematic"
4,1,337,"mathematic"
5,1,337,"mathematic"
6,1,337,"mathematic"
1,0,338,"mathematic"
2,0,338,"mathematic"
3,1,338,"mathematic"
4,1,338,"mathematic"
5,1,338,"mathematic"
6,1,338,"mathematic"
7,1,338,"mathematic"
8,1,338,"mathematic"
9,1,338,"mathematic"
1,0,339,"mathematic"
2,0,339,"mathematic"
3,0,339,"mathematic"
4,0,339,"mathematic"
5,0,339,"mathematic"
6,0,339,"mathematic"
7,1,339,"mathematic"
8,1,339,"mathematic"
9,1,339,"mathematic"
10,1,339,"mathematic"
1,0,340,"mathematic"
2,0,340,"mathematic"
3,1,340,"mathematic"
1,0,341,"mathematic"
2,0,341,"mathematic"
3,0,341,"mathematic"
4,0,341,"mathematic"
5,0,341,"mathematic"
6,0,341,"mathematic"
7,0,341,"mathematic"
1,0,342,"mathematic"
1,1,343,"mathematic"
2,1,343,"mathematic"
3,1,343,"mathematic"
4,1,343,"mathematic"
5,1,343,"mathematic"
6,1,343,"mathematic"
7,1,343,"mathematic"
8,1,343,"mathematic"
9,1,343,"mathematic"
10,1,343,"mathematic"
1,0,344,"mathematic"
2,1,344,"mathematic"
3,0,344,"mathematic"
4,0,344,"mathematic"
5,0,344,"mathematic"
6,0,344,"mathematic"
7,1,344,"mathematic"
8,1,344,"mathematic"
9,1,344,"mathematic"
10,1,344,"mathematic"
1,0,345,"mathematic"
1,0,346,"mathematic"
2,0,346,"mathematic"
3,0,346,"mathematic"
4,0,346,"mathematic"
1,1,347,"mathematic"
2,1,347,"mathematic"
3,1,347,"mathematic"
4,1,347,"mathematic"
5,1,347,"mathematic"
6,1,347,"mathematic"
7,1,347,"mathematic"
8,1,347,"mathematic"
1,0,348,"mathematic"
2,0,348,"mathematic"
3,0,348,"mathematic"
4,0,348,"mathematic"
5,0,348,"mathematic"
6,1,348,"mathematic"
7,1,348,"mathematic"
1,0,349,"mathematic"
2,0,349,"mathematic"
3,0,349,"mathematic"
4,0,349,"mathematic"
5,1,349,"mathematic"
6,1,349,"mathematic"
7,1,349,"mathematic"
8,1,349,"mathematic"
1,1,350,"mathematic"
2,1,350,"mathematic"
3,1,350,"mathematic"
4,1,350,"mathematic"
5,1,350,"mathematic"
1,0,351,"mathematic"
2,0,351,"mathematic"
3,0,351,"mathematic"
4,0,351,"mathematic"
5,0,351,"mathematic"
6,0,351,"mathematic"
7,1,351,"mathematic"
8,1,351,"mathematic"
1,0,352,"mathematic"
2,0,352,"mathematic"
3,1,352,"mathematic"
1,1,353,"mathematic"
2,1,353,"mathematic"
3,1,353,"mathematic"
4,1,353,"mathematic"
5,1,353,"mathematic"
6,1,353,"mathematic"
7,1,353,"mathematic"
8,1,353,"mathematic"
9,1,353,"mathematic"
1,0,354,"mathematic"
2,0,354,"mathematic"
3,0,354,"mathematic"
4,0,354,"mathematic"
5,0,354,"mathematic"
6,0,354,"mathematic"
1,1,355,"mathematic"
2,1,355,"mathematic"
3,1,355,"mathematic"
4,1,355,"mathematic"
5,1,355,"mathematic"
6,1,355,"mathematic"
7,1,355,"mathematic"
8,1,355,"mathematic"
9,1,355,"mathematic"
1,0,356,"mathematic"
2,0,356,"mathematic"
3,0,356,"mathematic"
4,0,356,"mathematic"
5,1,356,"mathematic"
1,0,357,"mathematic"
2,0,357,"mathematic"
3,0,357,"mathematic"
4,0,357,"mathematic"
5,0,357,"mathematic"
6,0,357,"mathematic"
7,0,357,"mathematic"
8,0,357,"mathematic"
9,0,357,"mathematic"
1,0,358,"mathematic"
2,0,358,"mathematic"
3,0,358,"mathematic"
4,0,358,"mathematic"
5,1,358,"mathematic"
6,1,358,"mathematic"
7,1,358,"mathematic"
8,1,358,"mathematic"
1,0,359,"mathematic"
2,0,359,"mathematic"
3,0,359,"mathematic"
4,0,359,"mathematic"
5,0,359,"mathematic"
1,0,360,"mathematic"
2,0,360,"mathematic"
3,0,360,"mathematic"
4,0,360,"mathematic"
5,0,360,"mathematic"
6,0,360,"mathematic"
7,0,360,"mathematic"
8,1,360,"mathematic"
9,1,360,"mathematic"
1,1,361,"mathematic"
2,1,361,"mathematic"
3,1,361,"mathematic"
1,0,362,"mathematic"
2,1,362,"mathematic"
3,1,362,"mathematic"
4,1,362,"mathematic"
5,1,362,"mathematic"
6,1,362,"mathematic"
1,1,363,"mathematic"
2,0,363,"mathematic"
3,1,363,"mathematic"
1,0,364,"mathematic"
2,0,364,"mathematic"
1,0,365,"mathematic"
2,1,365,"mathematic"
3,1,365,"mathematic"
4,1,365,"mathematic"
5,1,365,"mathematic"
6,1,365,"mathematic"
1,0,366,"mathematic"
2,0,366,"mathematic"
3,0,366,"mathematic"
4,0,366,"mathematic"
5,1,366,"mathematic"
6,1,366,"mathematic"
7,1,366,"mathematic"
8,1,366,"mathematic"
9,1,366,"mathematic"
10,1,366,"mathematic"
1,0,367,"mathematic"
2,0,367,"mathematic"
3,0,367,"mathematic"
4,0,367,"mathematic"
5,0,367,"mathematic"
6,0,367,"mathematic"
1,0,368,"mathematic"
2,0,368,"mathematic"
3,0,368,"mathematic"
4,0,368,"mathematic"
5,0,368,"mathematic"
6,1,368,"mathematic"
1,0,369,"mathematic"
2,1,369,"mathematic"
3,1,369,"mathematic"
4,1,369,"mathematic"
5,1,369,"mathematic"
6,1,369,"mathematic"
7,1,369,"mathematic"
8,1,369,"mathematic"
1,1,370,"mathematic"
2,1,370,"mathematic"
3,1,370,"mathematic"
4,1,370,"mathematic"
5,1,370,"mathematic"
1,0,371,"mathematic"
2,0,371,"mathematic"
3,1,371,"mathematic"
4,1,371,"mathematic"
5,1,371,"mathematic"
6,1,371,"mathematic"
7,1,371,"mathematic"
8,1,371,"mathematic"
1,0,372,"mathematic"
2,1,372,"mathematic"
3,1,372,"mathematic"
4,1,372,"mathematic"
5,1,372,"mathematic"
1,0,373,"mathematic"
2,1,373,"mathematic"
3,1,373,"mathematic"
4,1,373,"mathematic"
5,1,373,"mathematic"
6,1,373,"mathematic"
7,1,373,"mathematic"
8,0,373,"mathematic"
1,0,374,"mathematic"
2,0,374,"mathematic"
3,0,374,"mathematic"
1,1,375,"mathematic"
2,1,375,"mathematic"
3,1,375,"mathematic"
4,1,375,"mathematic"
5,1,375,"mathematic"
6,1,375,"mathematic"
1,0,376,"mathematic"
2,0,376,"mathematic"
3,0,376,"mathematic"
1,0,377,"mathematic"
2,0,377,"mathematic"
3,0,377,"mathematic"
4,0,377,"mathematic"
5,0,377,"mathematic"
6,0,377,"mathematic"
7,0,377,"mathematic"
1,0,378,"mathematic"
2,0,378,"mathematic"
3,1,378,"mathematic"
4,1,378,"mathematic"
5,1,378,"mathematic"
6,1,378,"mathematic"
1,0,379,"mathematic"
2,1,379,"mathematic"
3,1,379,"mathematic"
4,1,379,"mathematic"
5,1,379,"mathematic"
1,0,380,"mathematic"
2,1,380,"mathematic"
3,1,380,"mathematic"
1,0,381,"mathematic"
2,0,381,"mathematic"
3,0,381,"mathematic"
1,0,382,"mathematic"
2,0,382,"mathematic"
3,1,382,"mathematic"
4,1,382,"mathematic"
5,1,382,"mathematic"
1,0,383,"mathematic"
2,0,383,"mathematic"
3,0,383,"mathematic"
4,0,383,"mathematic"
5,1,383,"mathematic"
6,1,383,"mathematic"
1,0,384,"mathematic"
2,0,384,"mathematic"
3,0,384,"mathematic"
4,0,384,"mathematic"
5,0,384,"mathematic"
6,0,384,"mathematic"
1,0,385,"mathematic"
2,1,385,"mathematic"
3,1,385,"mathematic"
4,1,385,"mathematic"
5,1,385,"mathematic"
6,1,385,"mathematic"
1,0,386,"mathematic"
2,1,386,"mathematic"
3,1,386,"mathematic"
4,1,386,"mathematic"
5,1,386,"mathematic"
6,1,386,"mathematic"
1,0,387,"mathematic"
2,0,387,"mathematic"
3,0,387,"mathematic"
4,0,387,"mathematic"
5,0,387,"mathematic"
1,0,388,"mathematic"
1,1,389,"mathematic"
2,1,389,"mathematic"
3,1,389,"mathematic"
4,1,389,"mathematic"
5,1,389,"mathematic"
6,1,389,"mathematic"
1,1,390,"mathematic"
2,1,390,"mathematic"
3,1,390,"mathematic"
4,1,390,"mathematic"
5,1,390,"mathematic"
6,1,390,"mathematic"
7,1,390,"mathematic"
8,1,390,"mathematic"
1,0,391,"mathematic"
2,0,391,"mathematic"
3,0,391,"mathematic"
4,0,391,"mathematic"
5,0,391,"mathematic"
1,0,392,"mathematic"
2,0,392,"mathematic"
3,0,392,"mathematic"
4,0,392,"mathematic"
5,0,392,"mathematic"
1,0,393,"mathematic"
2,0,393,"mathematic"
3,0,393,"mathematic"
4,0,393,"mathematic"
5,0,393,"mathematic"
6,1,393,"mathematic"
7,1,393,"mathematic"
8,1,393,"mathematic"
1,0,394,"mathematic"
2,1,394,"mathematic"
3,1,394,"mathematic"
4,1,394,"mathematic"
5,1,394,"mathematic"
6,1,394,"mathematic"
1,1,395,"mathematic"
2,1,395,"mathematic"
3,1,395,"mathematic"
1,0,396,"mathematic"
2,0,396,"mathematic"
1,0,397,"mathematic"
2,0,397,"mathematic"
3,0,397,"mathematic"
4,0,397,"mathematic"
5,0,397,"mathematic"
1,0,398,"mathematic"
2,1,398,"mathematic"
3,1,398,"mathematic"
4,1,398,"mathematic"
1,0,399,"mathematic"
2,1,399,"mathematic"
3,1,399,"mathematic"
4,1,399,"mathematic"
1,0,400,"mathematic"
2,0,400,"mathematic"
3,1,400,"mathematic"
4,1,400,"mathematic"
5,1,400,"mathematic"
6,1,400,"mathematic"
1,0,401,"mathematic"
2,1,401,"mathematic"
3,1,401,"mathematic"
4,1,401,"mathematic"
5,1,401,"mathematic"
6,1,401,"mathematic"
7,1,401,"mathematic"
8,1,401,"mathematic"
9,1,401,"mathematic"
1,0,402,"mathematic"
2,0,402,"mathematic"
3,1,402,"mathematic"
4,1,402,"mathematic"
5,1,402,"mathematic"
6,1,402,"mathematic"
7,1,402,"mathematic"
8,1,402,"mathematic"
9,1,402,"mathematic"
10,1,402,"mathematic"
1,0,403,"mathematic"
2,0,403,"mathematic"
3,0,403,"mathematic"
4,0,403,"mathematic"
5,1,403,"mathematic"
6,1,403,"mathematic"
7,1,403,"mathematic"
8,1,403,"mathematic"
9,1,403,"mathematic"
1,0,404,"mathematic"
2,1,404,"mathematic"
3,1,404,"mathematic"
4,1,404,"mathematic"
5,1,404,"mathematic"
6,1,404,"mathematic"
7,1,404,"mathematic"
1,0,405,"mathematic"
2,0,405,"mathematic"
3,0,405,"mathematic"
4,0,405,"mathematic"
5,0,405,"mathematic"
6,1,405,"mathematic"
7,1,405,"mathematic"
8,1,405,"mathematic"
1,1,406,"mathematic"
1,0,407,"mathematic"
1,0,408,"mathematic"
2,1,408,"mathematic"
1,0,409,"mathematic"
2,0,409,"mathematic"
3,0,409,"mathematic"
4,0,409,"mathematic"
5,1,409,"mathematic"
6,1,409,"mathematic"
7,0,409,"mathematic"
8,1,409,"mathematic"
9,1,409,"mathematic"
10,1,409,"mathematic"
1,0,410,"mathematic"
2,1,410,"mathematic"
3,1,410,"mathematic"
4,1,410,"mathematic"
5,1,410,"mathematic"
6,1,410,"mathematic"
7,1,410,"mathematic"
8,1,410,"mathematic"
9,1,410,"mathematic"
1,0,411,"mathematic"
2,1,411,"mathematic"
1,0,412,"mathematic"
2,0,412,"mathematic"
3,0,412,"mathematic"
4,0,412,"mathematic"
5,0,412,"mathematic"
6,0,412,"mathematic"
7,0,412,"mathematic"
8,1,412,"mathematic"
1,0,413,"mathematic"
1,0,414,"mathematic"
2,0,414,"mathematic"
3,0,414,"mathematic"
4,1,414,"mathematic"
5,1,414,"mathematic"
6,1,414,"mathematic"
7,1,414,"mathematic"
8,1,414,"mathematic"
9,1,414,"mathematic"
10,1,414,"mathematic"
1,0,415,"mathematic"
2,1,415,"mathematic"
3,1,415,"mathematic"
4,1,415,"mathematic"
5,1,415,"mathematic"
6,1,415,"mathematic"
7,1,415,"mathematic"
8,1,415,"mathematic"
9,1,415,"mathematic"
10,1,415,"mathematic"
1,0,416,"mathematic"
2,0,416,"mathematic"
3,1,416,"mathematic"
4,1,416,"mathematic"
5,1,416,"mathematic"
1,1,417,"mathematic"
2,1,417,"mathematic"
3,1,417,"mathematic"
4,1,417,"mathematic"
5,1,417,"mathematic"
1,0,418,"mathematic"
2,0,418,"mathematic"
3,0,418,"mathematic"
4,1,418,"mathematic"
5,0,418,"mathematic"
1,0,419,"mathematic"
2,0,419,"mathematic"
1,1,420,"mathematic"
2,1,420,"mathematic"
3,1,420,"mathematic"
4,1,420,"mathematic"
5,1,420,"mathematic"
1,0,421,"mathematic"
2,1,421,"mathematic"
3,1,421,"mathematic"
4,1,421,"mathematic"
5,1,421,"mathematic"
6,1,421,"mathematic"
1,0,422,"mathematic"
2,0,422,"mathematic"
3,0,422,"mathematic"
4,0,422,"mathematic"
5,0,422,"mathematic"
6,0,422,"mathematic"
7,0,422,"mathematic"
1,0,423,"mathematic"
2,0,423,"mathematic"
3,0,423,"mathematic"
4,0,423,"mathematic"
5,1,423,"mathematic"
6,1,423,"mathematic"
7,1,423,"mathematic"
8,1,423,"mathematic"
9,1,423,"mathematic"
10,1,423,"mathematic"
1,0,424,"mathematic"
2,0,424,"mathematic"
3,0,424,"mathematic"
1,1,425,"mathematic"
2,1,425,"mathematic"
1,0,426,"mathematic"
2,0,426,"mathematic"
3,0,426,"mathematic"
4,0,426,"mathematic"
5,0,426,"mathematic"
1,1,427,"mathematic"
2,1,427,"mathematic"
3,1,427,"mathematic"
4,1,427,"mathematic"
5,1,427,"mathematic"
6,1,427,"mathematic"
7,1,427,"mathematic"
8,1,427,"mathematic"
9,1,427,"mathematic"
1,0,428,"mathematic"
2,0,428,"mathematic"
3,0,428,"mathematic"
4,1,428,"mathematic"
5,1,428,"mathematic"
6,1,428,"mathematic"
1,0,429,"mathematic"
2,0,429,"mathematic"
3,0,429,"mathematic"
4,0,429,"mathematic"
5,0,429,"mathematic"
6,0,429,"mathematic"
7,0,429,"mathematic"
8,0,429,"mathematic"
9,0,429,"mathematic"
1,0,430,"mathematic"
2,0,430,"mathematic"
3,0,430,"mathematic"
4,1,430,"mathematic"
5,1,430,"mathematic"
6,1,430,"mathematic"
7,1,430,"mathematic"
8,1,430,"mathematic"
1,0,431,"mathematic"
2,1,431,"mathematic"
3,1,431,"mathematic"
4,1,431,"mathematic"
5,1,431,"mathematic"
6,0,431,"mathematic"
7,1,431,"mathematic"
8,1,431,"mathematic"
1,0,432,"mathematic"
1,0,433,"mathematic"
2,0,433,"mathematic"
3,0,433,"mathematic"
4,0,433,"mathematic"
5,0,433,"mathematic"
1,0,434,"mathematic"
2,1,434,"mathematic"
1,1,435,"mathematic"
2,1,435,"mathematic"
3,1,435,"mathematic"
4,1,435,"mathematic"
5,1,435,"mathematic"
6,1,435,"mathematic"
7,1,435,"mathematic"
8,1,435,"mathematic"
1,0,436,"mathematic"
2,0,436,"mathematic"
3,0,436,"mathematic"
4,0,436,"mathematic"
5,0,436,"mathematic"
6,0,436,"mathematic"
7,0,436,"mathematic"
8,0,436,"mathematic"
1,0,437,"mathematic"
2,0,437,"mathematic"
3,1,437,"mathematic"
4,0,437,"mathematic"
1,0,438,"mathematic"
2,0,438,"mathematic"
3,0,438,"mathematic"
4,0,438,"mathematic"
5,0,438,"mathematic"
1,0,439,"mathematic"
2,0,439,"mathematic"
3,0,439,"mathematic"
4,0,439,"mathematic"
5,0,439,"mathematic"
6,0,439,"mathematic"
7,1,439,"mathematic"
8,1,439,"mathematic"
9,1,439,"mathematic"
10,1,439,"mathematic"
1,0,440,"mathematic"
2,1,440,"mathematic"
3,1,440,"mathematic"
4,1,440,"mathematic"
5,1,440,"mathematic"
6,1,440,"mathematic"
1,0,441,"mathematic"
2,0,441,"mathematic"
1,0,442,"mathematic"
2,0,442,"mathematic"
3,0,442,"mathematic"
1,0,443,"mathematic"
2,0,443,"mathematic"
3,0,443,"mathematic"
4,0,443,"mathematic"
5,0,443,"mathematic"
6,0,443,"mathematic"
7,0,443,"mathematic"
8,0,443,"mathematic"
9,0,443,"mathematic"
1,0,444,"mathematic"
2,0,444,"mathematic"
3,1,444,"mathematic"
4,1,444,"mathematic"
5,1,444,"mathematic"
6,1,444,"mathematic"
7,1,444,"mathematic"
8,1,444,"mathematic"
9,1,444,"mathematic"
1,0,445,"mathematic"
2,0,445,"mathematic"
3,0,445,"mathematic"
4,1,445,"mathematic"
5,0,445,"mathematic"
6,0,445,"mathematic"
7,0,445,"mathematic"
8,0,445,"mathematic"
1,0,446,"mathematic"
2,0,446,"mathematic"
1,1,447,"mathematic"
1,0,448,"mathematic"
2,1,448,"mathematic"
3,1,448,"mathematic"
1,0,449,"mathematic"
2,0,449,"mathematic"
3,0,449,"mathematic"
4,0,449,"mathematic"
5,0,449,"mathematic"
6,0,449,"mathematic"
7,0,449,"mathematic"
1,0,450,"mathematic"
2,1,450,"mathematic"
3,1,450,"mathematic"
4,1,450,"mathematic"
5,1,450,"mathematic"
1,0,451,"mathematic"
2,0,451,"mathematic"
3,0,451,"mathematic"
4,0,451,"mathematic"
5,0,451,"mathematic"
6,0,451,"mathematic"
7,0,451,"mathematic"
8,0,451,"mathematic"
9,0,451,"mathematic"
1,0,452,"mathematic"
2,0,452,"mathematic"
3,1,452,"mathematic"
4,1,452,"mathematic"
1,0,453,"mathematic"
2,0,453,"mathematic"
3,0,453,"mathematic"
4,0,453,"mathematic"
5,1,453,"mathematic"
6,1,453,"mathematic"
7,0,453,"mathematic"
8,1,453,"mathematic"
9,1,453,"mathematic"
1,1,454,"mathematic"
2,1,454,"mathematic"
3,1,454,"mathematic"
4,1,454,"mathematic"
5,1,454,"mathematic"
6,1,454,"mathematic"
7,1,454,"mathematic"
8,1,454,"mathematic"
1,1,455,"mathematic"
2,0,455,"mathematic"
3,0,455,"mathematic"
4,0,455,"mathematic"
5,0,455,"mathematic"
6,0,455,"mathematic"
7,0,455,"mathematic"
8,0,455,"mathematic"
1,0,456,"mathematic"
1,0,457,"mathematic"
2,1,457,"mathematic"
3,1,457,"mathematic"
4,1,457,"mathematic"
5,1,457,"mathematic"
6,1,457,"mathematic"
1,1,458,"mathematic"
2,1,458,"mathematic"
3,1,458,"mathematic"
4,1,458,"mathematic"
5,1,458,"mathematic"
1,0,459,"mathematic"
2,1,459,"mathematic"
3,1,459,"mathematic"
4,1,459,"mathematic"
5,1,459,"mathematic"
6,1,459,"mathematic"
7,1,459,"mathematic"
8,1,459,"mathematic"
9,1,459,"mathematic"
10,1,459,"mathematic"
1,0,460,"mathematic"
2,0,460,"mathematic"
3,0,460,"mathematic"
4,0,460,"mathematic"
5,0,460,"mathematic"
6,0,460,"mathematic"
7,0,460,"mathematic"
8,0,460,"mathematic"
1,0,461,"mathematic"
2,0,461,"mathematic"
3,0,461,"mathematic"
4,0,461,"mathematic"
5,0,461,"mathematic"
6,0,461,"mathematic"
7,0,461,"mathematic"
8,1,461,"mathematic"
9,0,461,"mathematic"
1,0,462,"mathematic"
2,1,462,"mathematic"
3,1,462,"mathematic"
4,1,462,"mathematic"
5,1,462,"mathematic"
6,1,462,"mathematic"
7,1,462,"mathematic"
1,0,463,"mathematic"
2,0,463,"mathematic"
3,0,463,"mathematic"
4,0,463,"mathematic"
5,0,463,"mathematic"
6,0,463,"mathematic"
7,0,463,"mathematic"
8,0,463,"mathematic"
9,0,463,"mathematic"
1,0,464,"mathematic"
2,0,464,"mathematic"
3,1,464,"mathematic"
4,0,464,"mathematic"
5,1,464,"mathematic"
6,1,464,"mathematic"
7,1,464,"mathematic"
8,1,464,"mathematic"
1,0,465,"mathematic"
2,1,465,"mathematic"
3,1,465,"mathematic"
4,1,465,"mathematic"
5,1,465,"mathematic"
6,1,465,"mathematic"
7,1,465,"mathematic"
1,0,466,"mathematic"
2,1,466,"mathematic"
3,1,466,"mathematic"
4,1,466,"mathematic"
5,1,466,"mathematic"
6,1,466,"mathematic"
7,1,466,"mathematic"
1,1,467,"mathematic"
2,1,467,"mathematic"
3,1,467,"mathematic"
4,1,467,"mathematic"
5,1,467,"mathematic"
6,1,467,"mathematic"
1,1,468,"mathematic"
2,1,468,"mathematic"
3,1,468,"mathematic"
4,1,468,"mathematic"
5,1,468,"mathematic"
6,1,468,"mathematic"
7,1,468,"mathematic"
1,1,469,"mathematic"
2,1,469,"mathematic"
3,1,469,"mathematic"
4,1,469,"mathematic"
5,1,469,"mathematic"
1,1,470,"mathematic"
2,1,470,"mathematic"
3,1,470,"mathematic"
4,1,470,"mathematic"
5,1,470,"mathematic"
6,1,470,"mathematic"
7,1,470,"mathematic"
8,1,470,"mathematic"
9,1,470,"mathematic"
10,1,470,"mathematic"
1,0,471,"mathematic"
2,0,471,"mathematic"
3,0,471,"mathematic"
4,0,471,"mathematic"
5,1,471,"mathematic"
6,1,471,"mathematic"
7,1,471,"mathematic"
8,1,471,"mathematic"
9,1,471,"mathematic"
10,1,471,"mathematic"
1,1,472,"mathematic"
2,1,472,"mathematic"
3,1,472,"mathematic"
4,1,472,"mathematic"
5,1,472,"mathematic"
1,0,473,"mathematic"
2,1,473,"mathematic"
1,0,474,"mathematic"
2,0,474,"mathematic"
1,0,475,"mathematic"
2,0,475,"mathematic"
3,0,475,"mathematic"
4,0,475,"mathematic"
5,1,475,"mathematic"
6,1,475,"mathematic"
1,0,476,"mathematic"
2,0,476,"mathematic"
3,0,476,"mathematic"
4,0,476,"mathematic"
5,0,476,"mathematic"
6,0,476,"mathematic"
7,1,476,"mathematic"
8,0,476,"mathematic"
9,0,476,"mathematic"
10,0,476,"mathematic"
1,1,477,"mathematic"
2,1,477,"mathematic"
3,1,477,"mathematic"
4,1,477,"mathematic"
5,1,477,"mathematic"
6,1,477,"mathematic"
1,1,478,"mathematic"
1,0,479,"mathematic"
1,0,480,"mathematic"
2,0,480,"mathematic"
3,1,480,"mathematic"
4,1,480,"mathematic"
5,1,480,"mathematic"
6,1,480,"mathematic"
7,1,480,"mathematic"
8,1,480,"mathematic"
9,1,480,"mathematic"
1,0,481,"mathematic"
1,0,482,"mathematic"
2,0,482,"mathematic"
3,0,482,"mathematic"
4,1,482,"mathematic"
5,1,482,"mathematic"
6,1,482,"mathematic"
7,1,482,"mathematic"
1,0,483,"mathematic"
2,1,483,"mathematic"
3,1,483,"mathematic"
4,1,483,"mathematic"
5,1,483,"mathematic"
6,1,483,"mathematic"
7,1,483,"mathematic"
1,0,484,"mathematic"
2,0,484,"mathematic"
3,0,484,"mathematic"
4,0,484,"mathematic"
5,1,484,"mathematic"
6,1,484,"mathematic"
7,1,484,"mathematic"
8,1,484,"mathematic"
9,1,484,"mathematic"
10,1,484,"mathematic"
1,0,485,"mathematic"
2,1,485,"mathematic"
3,1,485,"mathematic"
4,1,485,"mathematic"
5,1,485,"mathematic"
6,1,485,"mathematic"
7,1,485,"mathematic"
8,1,485,"mathematic"
9,1,485,"mathematic"
10,1,485,"mathematic"
1,0,486,"mathematic"
2,0,486,"mathematic"
3,0,486,"mathematic"
1,0,487,"mathematic"
2,1,487,"mathematic"
3,1,487,"mathematic"
4,1,487,"mathematic"
5,1,487,"mathematic"
6,1,487,"mathematic"
7,1,487,"mathematic"
8,1,487,"mathematic"
9,1,487,"mathematic"
1,0,488,"mathematic"
2,0,488,"mathematic"
3,0,488,"mathematic"
4,0,488,"mathematic"
5,0,488,"mathematic"
6,1,488,"mathematic"
7,1,488,"mathematic"
8,1,488,"mathematic"
9,1,488,"mathematic"
10,1,488,"mathematic"
1,0,489,"mathematic"
2,0,489,"mathematic"
1,0,490,"mathematic"
2,0,490,"mathematic"
1,0,491,"mathematic"
1,1,492,"mathematic"
2,1,492,"mathematic"
3,1,492,"mathematic"
4,1,492,"mathematic"
5,1,492,"mathematic"
6,1,492,"mathematic"
7,1,492,"mathematic"
1,0,493,"mathematic"
2,0,493,"mathematic"
3,1,493,"mathematic"
4,1,493,"mathematic"
5,1,493,"mathematic"
6,1,493,"mathematic"
7,1,493,"mathematic"
1,0,494,"mathematic"
2,0,494,"mathematic"
3,0,494,"mathematic"
4,0,494,"mathematic"
5,0,494,"mathematic"
6,0,494,"mathematic"
7,0,494,"mathematic"
8,1,494,"mathematic"
9,1,494,"mathematic"
10,1,494,"mathematic"
1,0,495,"mathematic"
2,0,495,"mathematic"
3,1,495,"mathematic"
1,0,496,"mathematic"
2,0,496,"mathematic"
1,0,497,"mathematic"
1,0,498,"mathematic"
1,0,499,"mathematic"
2,0,499,"mathematic"
3,0,499,"mathematic"
4,1,499,"mathematic"
5,1,499,"mathematic"
6,1,499,"mathematic"
7,1,499,"mathematic"
8,1,499,"mathematic"
9,1,499,"mathematic"
10,1,499,"mathematic"
1,1,500,"mathematic"
2,1,500,"mathematic"
