"r1","r2","r3","r4"
1,0,1,"mathematic"
1,1,2,"mathematic"
2,1,2,"mathematic"
1,0,3,"mathematic"
2,1,3,"mathematic"
3,1,3,"mathematic"
4,1,3,"mathematic"
5,1,3,"mathematic"
6,1,3,"mathematic"
7,1,3,"mathematic"
8,1,3,"mathematic"
9,1,3,"mathematic"
1,1,4,"mathematic"
2,1,4,"mathematic"
3,1,4,"mathematic"
4,1,4,"mathematic"
1,0,5,"mathematic"
2,1,5,"mathematic"
3,1,5,"mathematic"
4,1,5,"mathematic"
1,0,6,"mathematic"
2,1,6,"mathematic"
3,1,6,"mathematic"
4,1,6,"mathematic"
5,1,6,"mathematic"
6,1,6,"mathematic"
7,1,6,"mathematic"
8,1,6,"mathematic"
1,1,7,"mathematic"
2,1,7,"mathematic"
3,1,7,"mathematic"
4,0,7,"mathematic"
5,1,7,"mathematic"
6,1,7,"mathematic"
7,1,7,"mathematic"
8,1,7,"mathematic"
9,1,7,"mathematic"
10,1,7,"mathematic"
1,0,8,"mathematic"
1,0,9,"mathematic"
2,0,9,"mathematic"
3,1,9,"mathematic"
4,1,9,"mathematic"
5,1,9,"mathematic"
1,0,10,"mathematic"
2,1,10,"mathematic"
1,0,11,"mathematic"
2,0,11,"mathematic"
3,0,11,"mathematic"
4,1,11,"mathematic"
5,1,11,"mathematic"
6,1,11,"mathematic"
1,1,12,"mathematic"
2,1,12,"mathematic"
3,1,12,"mathematic"
1,0,13,"mathematic"
2,1,13,"mathematic"
3,1,13,"mathematic"
4,1,13,"mathematic"
5,1,13,"mathematic"
1,1,14,"mathematic"
2,0,14,"mathematic"
3,1,14,"mathematic"
4,1,14,"mathematic"
5,1,14,"mathematic"
6,1,14,"mathematic"
7,0,14,"mathematic"
8,1,14,"mathematic"
1,0,15,"mathematic"
1,0,16,"mathematic"
2,1,16,"mathematic"
3,1,16,"mathematic"
4,0,16,"mathematic"
5,1,16,"mathematic"
6,1,16,"mathematic"
7,1,16,"mathematic"
8,1,16,"mathematic"
9,1,16,"mathematic"
1,0,17,"mathematic"
1,1,18,"mathematic"
2,1,18,"mathematic"
1,0,19,"mathematic"
2,0,19,"mathematic"
3,0,19,"mathematic"
4,1,19,"mathematic"
5,1,19,"mathematic"
6,1,19,"mathematic"
7,1,19,"mathematic"
8,1,19,"mathematic"
1,0,20,"mathematic"
1,0,21,"mathematic"
2,0,21,"mathematic"
3,0,21,"mathematic"
4,0,21,"mathematic"
5,1,21,"mathematic"
6,0,21,"mathematic"
7,0,21,"mathematic"
1,0,22,"mathematic"
2,1,22,"mathematic"
3,1,22,"mathematic"
1,0,23,"mathematic"
2,0,23,"mathematic"
3,0,23,"mathematic"
4,0,23,"mathematic"
5,1,23,"mathematic"
6,1,23,"mathematic"
7,1,23,"mathematic"
8,1,23,"mathematic"
9,0,23,"mathematic"
1,0,24,"mathematic"
2,0,24,"mathematic"
3,1,24,"mathematic"
1,0,25,"mathematic"
2,0,25,"mathematic"
1,0,26,"mathematic"
2,0,26,"mathematic"
3,0,26,"mathematic"
4,0,26,"mathematic"
5,0,26,"mathematic"
6,1,26,"mathematic"
7,1,26,"mathematic"
8,1,26,"mathematic"
9,1,26,"mathematic"
1,1,27,"mathematic"
2,0,27,"mathematic"
3,1,27,"mathematic"
4,1,27,"mathematic"
5,1,27,"mathematic"
6,1,27,"mathematic"
7,1,27,"mathematic"
8,1,27,"mathematic"
1,0,28,"mathematic"
2,0,28,"mathematic"
3,1,28,"mathematic"
4,1,28,"mathematic"
5,1,28,"mathematic"
6,1,28,"mathematic"
7,1,28,"mathematic"
8,1,28,"mathematic"
9,1,28,"mathematic"
1,0,29,"mathematic"
2,1,29,"mathematic"
3,1,29,"mathematic"
4,1,29,"mathematic"
5,1,29,"mathematic"
6,1,29,"mathematic"
7,0,29,"mathematic"
8,1,29,"mathematic"
9,1,29,"mathematic"
1,0,30,"mathematic"
2,0,30,"mathematic"
3,1,30,"mathematic"
4,1,30,"mathematic"
5,1,30,"mathematic"
6,1,30,"mathematic"
7,1,30,"mathematic"
8,1,30,"mathematic"
9,0,30,"mathematic"
1,0,31,"mathematic"
1,0,32,"mathematic"
2,0,32,"mathematic"
3,0,32,"mathematic"
4,0,32,"mathematic"
5,0,32,"mathematic"
6,1,32,"mathematic"
7,1,32,"mathematic"
8,1,32,"mathematic"
9,1,32,"mathematic"
1,0,33,"mathematic"
2,1,33,"mathematic"
3,1,33,"mathematic"
4,1,33,"mathematic"
5,1,33,"mathematic"
6,1,33,"mathematic"
7,1,33,"mathematic"
8,1,33,"mathematic"
9,1,33,"mathematic"
1,1,34,"mathematic"
2,1,34,"mathematic"
3,1,34,"mathematic"
4,1,34,"mathematic"
5,1,34,"mathematic"
6,1,34,"mathematic"
7,1,34,"mathematic"
8,1,34,"mathematic"
1,0,35,"mathematic"
2,1,35,"mathematic"
3,1,35,"mathematic"
4,0,35,"mathematic"
5,1,35,"mathematic"
6,1,35,"mathematic"
7,1,35,"mathematic"
8,1,35,"mathematic"
1,0,36,"mathematic"
2,0,36,"mathematic"
3,0,36,"mathematic"
4,0,36,"mathematic"
5,0,36,"mathematic"
1,0,37,"mathematic"
2,0,37,"mathematic"
3,0,37,"mathematic"
4,1,37,"mathematic"
5,1,37,"mathematic"
6,1,37,"mathematic"
7,1,37,"mathematic"
8,1,37,"mathematic"
9,1,37,"mathematic"
10,1,37,"mathematic"
1,0,38,"mathematic"
2,0,38,"mathematic"
3,1,38,"mathematic"
4,1,38,"mathematic"
5,1,38,"mathematic"
6,1,38,"mathematic"
7,0,38,"mathematic"
8,1,38,"mathematic"
1,0,39,"mathematic"
2,1,39,"mathematic"
3,1,39,"mathematic"
4,1,39,"mathematic"
1,0,40,"mathematic"
2,0,40,"mathematic"
3,1,40,"mathematic"
4,1,40,"mathematic"
5,1,40,"mathematic"
6,1,40,"mathematic"
7,1,40,"mathematic"
8,0,40,"mathematic"
1,0,41,"mathematic"
2,1,41,"mathematic"
3,1,41,"mathematic"
4,0,41,"mathematic"
5,1,41,"mathematic"
6,1,41,"mathematic"
7,1,41,"mathematic"
8,1,41,"mathematic"
1,1,42,"mathematic"
2,1,42,"mathematic"
3,1,42,"mathematic"
4,1,42,"mathematic"
5,0,42,"mathematic"
6,0,42,"mathematic"
7,1,42,"mathematic"
8,1,42,"mathematic"
9,1,42,"mathematic"
1,1,43,"mathematic"
1,0,44,"mathematic"
2,0,44,"mathematic"
3,0,44,"mathematic"
4,1,44,"mathematic"
5,1,44,"mathematic"
6,1,44,"mathematic"
7,0,44,"mathematic"
8,1,44,"mathematic"
9,1,44,"mathematic"
1,0,45,"mathematic"
2,0,45,"mathematic"
3,0,45,"mathematic"
4,0,45,"mathematic"
5,0,45,"mathematic"
6,0,45,"mathematic"
1,0,46,"mathematic"
2,0,46,"mathematic"
3,1,46,"mathematic"
4,1,46,"mathematic"
5,1,46,"mathematic"
6,1,46,"mathematic"
7,1,46,"mathematic"
8,1,46,"mathematic"
1,0,47,"mathematic"
2,1,47,"mathematic"
3,1,47,"mathematic"
4,1,47,"mathematic"
5,1,47,"mathematic"
6,1,47,"mathematic"
7,0,47,"mathematic"
8,1,47,"mathematic"
1,0,48,"mathematic"
2,1,48,"mathematic"
3,0,48,"mathematic"
4,0,48,"mathematic"
1,0,49,"mathematic"
2,1,49,"mathematic"
3,1,49,"mathematic"
4,1,49,"mathematic"
5,1,49,"mathematic"
6,1,49,"mathematic"
7,1,49,"mathematic"
8,1,49,"mathematic"
9,1,49,"mathematic"
1,0,50,"mathematic"
1,0,51,"mathematic"
1,0,52,"mathematic"
2,1,52,"mathematic"
3,1,52,"mathematic"
4,1,52,"mathematic"
1,0,53,"mathematic"
2,1,53,"mathematic"
3,1,53,"mathematic"
4,1,53,"mathematic"
5,1,53,"mathematic"
6,1,53,"mathematic"
7,1,53,"mathematic"
8,1,53,"mathematic"
1,1,54,"mathematic"
2,1,54,"mathematic"
1,1,55,"mathematic"
2,1,55,"mathematic"
3,1,55,"mathematic"
1,0,56,"mathematic"
2,0,56,"mathematic"
3,0,56,"mathematic"
1,0,57,"mathematic"
2,0,57,"mathematic"
3,1,57,"mathematic"
4,1,57,"mathematic"
5,1,57,"mathematic"
6,1,57,"mathematic"
7,1,57,"mathematic"
8,1,57,"mathematic"
9,1,57,"mathematic"
10,1,57,"mathematic"
1,1,58,"mathematic"
2,0,58,"mathematic"
3,1,58,"mathematic"
1,0,59,"mathematic"
2,1,59,"mathematic"
3,0,59,"mathematic"
4,1,59,"mathematic"
5,1,59,"mathematic"
6,1,59,"mathematic"
7,1,59,"mathematic"
8,1,59,"mathematic"
9,1,59,"mathematic"
1,0,60,"mathematic"
2,1,60,"mathematic"
3,1,60,"mathematic"
4,1,60,"mathematic"
5,1,60,"mathematic"
6,1,60,"mathematic"
7,1,60,"mathematic"
8,1,60,"mathematic"
1,0,61,"mathematic"
2,0,61,"mathematic"
3,0,61,"mathematic"
4,1,61,"mathematic"
5,1,61,"mathematic"
6,1,61,"mathematic"
7,1,61,"mathematic"
1,1,62,"mathematic"
2,1,62,"mathematic"
3,1,62,"mathematic"
4,1,62,"mathematic"
5,1,62,"mathematic"
6,1,62,"mathematic"
7,0,62,"mathematic"
8,1,62,"mathematic"
9,1,62,"mathematic"
1,0,63,"mathematic"
2,1,63,"mathematic"
3,0,63,"mathematic"
4,1,63,"mathematic"
5,1,63,"mathematic"
6,1,63,"mathematic"
7,1,63,"mathematic"
1,0,64,"mathematic"
2,0,64,"mathematic"
1,1,65,"mathematic"
1,0,66,"mathematic"
2,1,66,"mathematic"
3,1,66,"mathematic"
4,0,66,"mathematic"
5,1,66,"mathematic"
6,1,66,"mathematic"
7,1,66,"mathematic"
8,1,66,"mathematic"
9,1,66,"mathematic"
1,0,67,"mathematic"
1,1,68,"mathematic"
2,1,68,"mathematic"
3,1,68,"mathematic"
4,1,68,"mathematic"
1,0,69,"mathematic"
2,0,69,"mathematic"
1,0,70,"mathematic"
2,1,70,"mathematic"
3,1,70,"mathematic"
4,1,70,"mathematic"
5,1,70,"mathematic"
6,0,70,"mathematic"
7,1,70,"mathematic"
8,1,70,"mathematic"
9,1,70,"mathematic"
1,0,71,"mathematic"
1,0,72,"mathematic"
1,0,73,"mathematic"
2,0,73,"mathematic"
3,0,73,"mathematic"
4,0,73,"mathematic"
5,0,73,"mathematic"
6,0,73,"mathematic"
7,0,73,"mathematic"
8,0,73,"mathematic"
1,0,74,"mathematic"
2,0,74,"mathematic"
3,0,74,"mathematic"
4,0,74,"mathematic"
5,0,74,"mathematic"
6,1,74,"mathematic"
7,1,74,"mathematic"
8,1,74,"mathematic"
9,1,74,"mathematic"
1,0,75,"mathematic"
2,0,75,"mathematic"
3,1,75,"mathematic"
1,1,76,"mathematic"
2,1,76,"mathematic"
3,1,76,"mathematic"
4,1,76,"mathematic"
5,1,76,"mathematic"
6,1,76,"mathematic"
7,1,76,"mathematic"
8,1,76,"mathematic"
9,1,76,"mathematic"
10,1,76,"mathematic"
1,0,77,"mathematic"
2,0,77,"mathematic"
1,1,78,"mathematic"
2,0,78,"mathematic"
3,0,78,"mathematic"
4,0,78,"mathematic"
5,0,78,"mathematic"
6,0,78,"mathematic"
7,1,78,"mathematic"
8,1,78,"mathematic"
9,1,78,"mathematic"
1,0,79,"mathematic"
2,1,79,"mathematic"
1,1,80,"mathematic"
2,1,80,"mathematic"
3,1,80,"mathematic"
4,1,80,"mathematic"
1,1,81,"mathematic"
2,1,81,"mathematic"
3,0,81,"mathematic"
4,1,81,"mathematic"
5,1,81,"mathematic"
6,1,81,"mathematic"
7,1,81,"mathematic"
1,0,82,"mathematic"
2,0,82,"mathematic"
3,0,82,"mathematic"
4,0,82,"mathematic"
1,0,83,"mathematic"
2,0,83,"mathematic"
3,1,83,"mathematic"
4,0,83,"mathematic"
5,1,83,"mathematic"
6,0,83,"mathematic"
7,1,83,"mathematic"
8,0,83,"mathematic"
9,1,83,"mathematic"
1,0,84,"mathematic"
2,0,84,"mathematic"
3,1,84,"mathematic"
4,1,84,"mathematic"
5,1,84,"mathematic"
1,0,85,"mathematic"
1,0,86,"mathematic"
2,0,86,"mathematic"
3,1,86,"mathematic"
4,1,86,"mathematic"
5,1,86,"mathematic"
6,1,86,"mathematic"
7,1,86,"mathematic"
8,0,86,"mathematic"
9,1,86,"mathematic"
1,0,87,"mathematic"
2,1,87,"mathematic"
3,1,87,"mathematic"
4,1,87,"mathematic"
5,1,87,"mathematic"
6,1,87,"mathematic"
1,1,88,"mathematic"
2,1,88,"mathematic"
3,1,88,"mathematic"
1,0,89,"mathematic"
1,0,90,"mathematic"
2,1,90,"mathematic"
3,0,90,"mathematic"
4,1,90,"mathematic"
5,1,90,"mathematic"
6,1,90,"mathematic"
7,1,90,"mathematic"
8,1,90,"mathematic"
1,0,91,"mathematic"
2,1,91,"mathematic"
3,1,91,"mathematic"
4,1,91,"mathematic"
1,1,92,"mathematic"
1,0,93,"mathematic"
2,1,93,"mathematic"
3,1,93,"mathematic"
4,0,93,"mathematic"
5,1,93,"mathematic"
6,1,93,"mathematic"
7,1,93,"mathematic"
8,1,93,"mathematic"
1,1,94,"mathematic"
2,1,94,"mathematic"
3,1,94,"mathematic"
4,1,94,"mathematic"
5,0,94,"mathematic"
6,1,94,"mathematic"
1,0,95,"mathematic"
2,0,95,"mathematic"
1,0,96,"mathematic"
2,1,96,"mathematic"
3,0,96,"mathematic"
1,1,97,"mathematic"
2,1,97,"mathematic"
3,1,97,"mathematic"
4,0,97,"mathematic"
5,1,97,"mathematic"
6,1,97,"mathematic"
7,1,97,"mathematic"
8,1,97,"mathematic"
1,0,98,"mathematic"
2,1,98,"mathematic"
3,1,98,"mathematic"
4,1,98,"mathematic"
1,1,99,"mathematic"
2,1,99,"mathematic"
3,1,99,"mathematic"
4,1,99,"mathematic"
5,0,99,"mathematic"
6,1,99,"mathematic"
7,1,99,"mathematic"
8,1,99,"mathematic"
9,1,99,"mathematic"
1,0,100,"mathematic"
2,0,100,"mathematic"
3,0,100,"mathematic"
4,0,100,"mathematic"
5,1,100,"mathematic"
6,1,100,"mathematic"
7,1,100,"mathematic"
8,1,100,"mathematic"
1,1,101,"mathematic"
2,0,101,"mathematic"
3,1,101,"mathematic"
4,1,101,"mathematic"
5,1,101,"mathematic"
6,0,101,"mathematic"
7,1,101,"mathematic"
1,0,102,"mathematic"
2,0,102,"mathematic"
1,0,103,"mathematic"
2,1,103,"mathematic"
3,1,103,"mathematic"
4,1,103,"mathematic"
1,0,104,"mathematic"
2,0,104,"mathematic"
3,0,104,"mathematic"
1,1,105,"mathematic"
2,1,105,"mathematic"
3,1,105,"mathematic"
4,1,105,"mathematic"
5,1,105,"mathematic"
6,1,105,"mathematic"
7,1,105,"mathematic"
1,0,106,"mathematic"
2,0,106,"mathematic"
3,0,106,"mathematic"
4,0,106,"mathematic"
5,0,106,"mathematic"
6,0,106,"mathematic"
7,0,106,"mathematic"
8,0,106,"mathematic"
9,0,106,"mathematic"
10,0,106,"mathematic"
1,0,107,"mathematic"
2,1,107,"mathematic"
3,1,107,"mathematic"
4,1,107,"mathematic"
5,1,107,"mathematic"
6,1,107,"mathematic"
7,1,107,"mathematic"
1,0,108,"mathematic"
1,0,109,"mathematic"
2,0,109,"mathematic"
3,0,109,"mathematic"
4,0,109,"mathematic"
5,0,109,"mathematic"
6,0,109,"mathematic"
7,0,109,"mathematic"
8,0,109,"mathematic"
9,1,109,"mathematic"
1,1,110,"mathematic"
2,1,110,"mathematic"
3,1,110,"mathematic"
4,1,110,"mathematic"
5,1,110,"mathematic"
1,1,111,"mathematic"
2,0,111,"mathematic"
3,0,111,"mathematic"
4,0,111,"mathematic"
5,1,111,"mathematic"
6,0,111,"mathematic"
7,1,111,"mathematic"
1,1,112,"mathematic"
2,1,112,"mathematic"
3,1,112,"mathematic"
4,1,112,"mathematic"
5,1,112,"mathematic"
6,1,112,"mathematic"
1,1,113,"mathematic"
2,1,113,"mathematic"
3,1,113,"mathematic"
4,1,113,"mathematic"
5,0,113,"mathematic"
6,1,113,"mathematic"
7,1,113,"mathematic"
8,1,113,"mathematic"
9,1,113,"mathematic"
1,1,114,"mathematic"
1,0,115,"mathematic"
2,0,115,"mathematic"
3,1,115,"mathematic"
4,1,115,"mathematic"
5,1,115,"mathematic"
6,1,115,"mathematic"
1,0,116,"mathematic"
2,0,116,"mathematic"
1,1,117,"mathematic"
2,1,117,"mathematic"
3,1,117,"mathematic"
1,0,118,"mathematic"
1,0,119,"mathematic"
1,0,120,"mathematic"
2,1,120,"mathematic"
3,1,120,"mathematic"
1,0,121,"mathematic"
2,0,121,"mathematic"
3,0,121,"mathematic"
4,0,121,"mathematic"
5,1,121,"mathematic"
6,1,121,"mathematic"
7,1,121,"mathematic"
8,1,121,"mathematic"
1,0,122,"mathematic"
2,0,122,"mathematic"
3,0,122,"mathematic"
4,0,122,"mathematic"
5,0,122,"mathematic"
6,0,122,"mathematic"
1,0,123,"mathematic"
2,0,123,"mathematic"
3,1,123,"mathematic"
4,1,123,"mathematic"
1,0,124,"mathematic"
2,0,124,"mathematic"
3,1,124,"mathematic"
4,1,124,"mathematic"
5,1,124,"mathematic"
6,1,124,"mathematic"
1,0,125,"mathematic"
2,1,125,"mathematic"
3,1,125,"mathematic"
4,1,125,"mathematic"
5,1,125,"mathematic"
6,1,125,"mathematic"
7,1,125,"mathematic"
1,0,126,"mathematic"
2,0,126,"mathematic"
1,0,127,"mathematic"
1,0,128,"mathematic"
2,1,128,"mathematic"
3,1,128,"mathematic"
1,0,129,"mathematic"
2,0,129,"mathematic"
3,1,129,"mathematic"
4,1,129,"mathematic"
5,1,129,"mathematic"
6,1,129,"mathematic"
7,1,129,"mathematic"
8,1,129,"mathematic"
9,1,129,"mathematic"
1,1,130,"mathematic"
2,0,130,"mathematic"
3,0,130,"mathematic"
1,1,131,"mathematic"
2,1,131,"mathematic"
3,1,131,"mathematic"
4,1,131,"mathematic"
5,0,131,"mathematic"
6,1,131,"mathematic"
7,1,131,"mathematic"
1,1,132,"mathematic"
2,1,132,"mathematic"
3,1,132,"mathematic"
4,1,132,"mathematic"
5,1,132,"mathematic"
6,1,132,"mathematic"
7,0,132,"mathematic"
1,0,133,"mathematic"
2,1,133,"mathematic"
3,1,133,"mathematic"
4,1,133,"mathematic"
5,1,133,"mathematic"
6,1,133,"mathematic"
7,1,133,"mathematic"
8,1,133,"mathematic"
9,1,133,"mathematic"
10,1,133,"mathematic"
1,0,134,"mathematic"
2,1,134,"mathematic"
3,1,134,"mathematic"
4,0,134,"mathematic"
5,1,134,"mathematic"
6,1,134,"mathematic"
7,0,134,"mathematic"
8,1,134,"mathematic"
1,1,135,"mathematic"
2,1,135,"mathematic"
3,1,135,"mathematic"
4,1,135,"mathematic"
5,1,135,"mathematic"
6,1,135,"mathematic"
7,0,135,"mathematic"
8,1,135,"mathematic"
9,1,135,"mathematic"
1,0,136,"mathematic"
2,1,136,"mathematic"
3,1,136,"mathematic"
4,1,136,"mathematic"
5,1,136,"mathematic"
6,1,136,"mathematic"
1,0,137,"mathematic"
2,0,137,"mathematic"
3,0,137,"mathematic"
4,1,137,"mathematic"
5,1,137,"mathematic"
6,1,137,"mathematic"
7,1,137,"mathematic"
8,1,137,"mathematic"
9,1,137,"mathematic"
1,0,138,"mathematic"
1,0,139,"mathematic"
2,0,139,"mathematic"
3,0,139,"mathematic"
4,0,139,"mathematic"
5,0,139,"mathematic"
1,0,140,"mathematic"
2,0,140,"mathematic"
3,0,140,"mathematic"
4,0,140,"mathematic"
5,0,140,"mathematic"
6,0,140,"mathematic"
7,0,140,"mathematic"
8,1,140,"mathematic"
9,1,140,"mathematic"
1,0,141,"mathematic"
2,1,141,"mathematic"
3,1,141,"mathematic"
4,1,141,"mathematic"
1,0,142,"mathematic"
2,0,142,"mathematic"
3,0,142,"mathematic"
4,0,142,"mathematic"
5,0,142,"mathematic"
6,0,142,"mathematic"
7,0,142,"mathematic"
8,1,142,"mathematic"
1,0,143,"mathematic"
2,0,143,"mathematic"
3,0,143,"mathematic"
1,0,144,"mathematic"
2,0,144,"mathematic"
3,0,144,"mathematic"
4,0,144,"mathematic"
5,1,144,"mathematic"
1,0,145,"mathematic"
2,0,145,"mathematic"
3,0,145,"mathematic"
4,0,145,"mathematic"
5,0,145,"mathematic"
6,0,145,"mathematic"
7,1,145,"mathematic"
8,1,145,"mathematic"
1,1,146,"mathematic"
2,1,146,"mathematic"
3,1,146,"mathematic"
4,1,146,"mathematic"
1,0,147,"mathematic"
2,1,147,"mathematic"
3,1,147,"mathematic"
4,1,147,"mathematic"
5,1,147,"mathematic"
6,1,147,"mathematic"
7,1,147,"mathematic"
8,1,147,"mathematic"
9,0,147,"mathematic"
1,0,148,"mathematic"
1,0,149,"mathematic"
2,1,149,"mathematic"
3,0,149,"mathematic"
4,1,149,"mathematic"
5,1,149,"mathematic"
6,1,149,"mathematic"
1,0,150,"mathematic"
2,0,150,"mathematic"
3,0,150,"mathematic"
1,0,151,"mathematic"
2,1,151,"mathematic"
3,0,151,"mathematic"
4,0,151,"mathematic"
5,1,151,"mathematic"
6,1,151,"mathematic"
7,1,151,"mathematic"
1,1,152,"mathematic"
2,1,152,"mathematic"
1,0,153,"mathematic"
2,0,153,"mathematic"
3,0,153,"mathematic"
4,0,153,"mathematic"
5,0,153,"mathematic"
6,1,153,"mathematic"
7,1,153,"mathematic"
8,1,153,"mathematic"
9,1,153,"mathematic"
10,1,153,"mathematic"
1,0,154,"mathematic"
2,1,154,"mathematic"
3,1,154,"mathematic"
4,1,154,"mathematic"
5,1,154,"mathematic"
6,1,154,"mathematic"
1,0,155,"mathematic"
1,0,156,"mathematic"
2,0,156,"mathematic"
1,0,157,"mathematic"
2,0,157,"mathematic"
3,0,157,"mathematic"
4,0,157,"mathematic"
5,1,157,"mathematic"
6,1,157,"mathematic"
1,0,158,"mathematic"
2,1,158,"mathematic"
3,1,158,"mathematic"
4,1,158,"mathematic"
5,1,158,"mathematic"
6,1,158,"mathematic"
7,1,158,"mathematic"
8,1,158,"mathematic"
9,1,158,"mathematic"
1,0,159,"mathematic"
2,0,159,"mathematic"
3,0,159,"mathematic"
4,0,159,"mathematic"
1,0,160,"mathematic"
2,1,160,"mathematic"
3,1,160,"mathematic"
1,0,161,"mathematic"
2,0,161,"mathematic"
3,0,161,"mathematic"
4,0,161,"mathematic"
5,0,161,"mathematic"
6,1,161,"mathematic"
7,1,161,"mathematic"
8,1,161,"mathematic"
9,1,161,"mathematic"
10,1,161,"mathematic"
1,0,162,"mathematic"
2,1,162,"mathematic"
3,1,162,"mathematic"
4,1,162,"mathematic"
5,1,162,"mathematic"
6,1,162,"mathematic"
7,1,162,"mathematic"
8,1,162,"mathematic"
1,0,163,"mathematic"
2,0,163,"mathematic"
1,0,164,"mathematic"
2,0,164,"mathematic"
3,0,164,"mathematic"
4,0,164,"mathematic"
5,0,164,"mathematic"
1,0,165,"mathematic"
2,0,165,"mathematic"
3,1,165,"mathematic"
4,1,165,"mathematic"
5,1,165,"mathematic"
6,0,165,"mathematic"
7,1,165,"mathematic"
8,1,165,"mathematic"
1,0,166,"mathematic"
2,0,166,"mathematic"
3,0,166,"mathematic"
4,0,166,"mathematic"
5,1,166,"mathematic"
1,0,167,"mathematic"
2,0,167,"mathematic"
3,0,167,"mathematic"
4,0,167,"mathematic"
5,0,167,"mathematic"
6,0,167,"mathematic"
7,0,167,"mathematic"
1,0,168,"mathematic"
2,1,168,"mathematic"
3,1,168,"mathematic"
4,1,168,"mathematic"
5,1,168,"mathematic"
6,1,168,"mathematic"
7,1,168,"mathematic"
8,1,168,"mathematic"
9,1,168,"mathematic"
10,1,168,"mathematic"
1,0,169,"mathematic"
2,0,169,"mathematic"
1,0,170,"mathematic"
1,0,171,"mathematic"
2,0,171,"mathematic"
3,1,171,"mathematic"
4,0,171,"mathematic"
5,0,171,"mathematic"
1,0,172,"mathematic"
2,0,172,"mathematic"
3,1,172,"mathematic"
4,0,172,"mathematic"
5,1,172,"mathematic"
6,1,172,"mathematic"
7,1,172,"mathematic"
8,1,172,"mathematic"
1,0,173,"mathematic"
2,0,173,"mathematic"
3,1,173,"mathematic"
1,1,174,"mathematic"
2,1,174,"mathematic"
3,1,174,"mathematic"
4,1,174,"mathematic"
5,1,174,"mathematic"
6,1,174,"mathematic"
7,1,174,"mathematic"
8,1,174,"mathematic"
9,1,174,"mathematic"
1,1,175,"mathematic"
2,1,175,"mathematic"
3,1,175,"mathematic"
4,0,175,"mathematic"
5,1,175,"mathematic"
1,1,176,"mathematic"
2,1,176,"mathematic"
3,0,176,"mathematic"
4,1,176,"mathematic"
1,0,177,"mathematic"
2,1,177,"mathematic"
3,1,177,"mathematic"
4,1,177,"mathematic"
5,1,177,"mathematic"
6,1,177,"mathematic"
7,1,177,"mathematic"
8,1,177,"mathematic"
9,1,177,"mathematic"
10,1,177,"mathematic"
1,1,178,"mathematic"
2,1,178,"mathematic"
3,1,178,"mathematic"
4,1,178,"mathematic"
1,0,179,"mathematic"
2,0,179,"mathematic"
3,1,179,"mathematic"
4,1,179,"mathematic"
5,1,179,"mathematic"
6,1,179,"mathematic"
7,1,179,"mathematic"
8,0,179,"mathematic"
9,1,179,"mathematic"
10,1,179,"mathematic"
1,0,180,"mathematic"
1,0,181,"mathematic"
2,0,181,"mathematic"
3,0,181,"mathematic"
4,0,181,"mathematic"
5,1,181,"mathematic"
1,1,182,"mathematic"
1,0,183,"mathematic"
1,1,184,"mathematic"
2,1,184,"mathematic"
3,1,184,"mathematic"
4,1,184,"mathematic"
1,0,185,"mathematic"
1,0,186,"mathematic"
2,0,186,"mathematic"
3,1,186,"mathematic"
1,0,187,"mathematic"
2,0,187,"mathematic"
3,1,187,"mathematic"
4,1,187,"mathematic"
5,1,187,"mathematic"
6,1,187,"mathematic"
7,1,187,"mathematic"
8,1,187,"mathematic"
9,1,187,"mathematic"
1,0,188,"mathematic"
2,0,188,"mathematic"
3,0,188,"mathematic"
4,0,188,"mathematic"
5,0,188,"mathematic"
6,0,188,"mathematic"
7,0,188,"mathematic"
8,1,188,"mathematic"
9,0,188,"mathematic"
1,0,189,"mathematic"
2,1,189,"mathematic"
3,1,189,"mathematic"
1,1,190,"mathematic"
2,0,190,"mathematic"
3,1,190,"mathematic"
4,1,190,"mathematic"
5,1,190,"mathematic"
6,1,190,"mathematic"
7,1,190,"mathematic"
8,1,190,"mathematic"
9,0,190,"mathematic"
10,1,190,"mathematic"
1,0,191,"mathematic"
2,0,191,"mathematic"
3,1,191,"mathematic"
1,1,192,"mathematic"
2,1,192,"mathematic"
3,1,192,"mathematic"
4,1,192,"mathematic"
5,0,192,"mathematic"
6,1,192,"mathematic"
7,1,192,"mathematic"
1,0,193,"mathematic"
2,0,193,"mathematic"
3,1,193,"mathematic"
1,0,194,"mathematic"
2,0,194,"mathematic"
3,1,194,"mathematic"
4,1,194,"mathematic"
1,0,195,"mathematic"
2,0,195,"mathematic"
3,1,195,"mathematic"
1,0,196,"mathematic"
2,0,196,"mathematic"
3,0,196,"mathematic"
1,1,197,"mathematic"
2,1,197,"mathematic"
3,1,197,"mathematic"
4,0,197,"mathematic"
5,1,197,"mathematic"
6,1,197,"mathematic"
7,1,197,"mathematic"
8,1,197,"mathematic"
9,1,197,"mathematic"
10,0,197,"mathematic"
1,0,198,"mathematic"
2,0,198,"mathematic"
3,0,198,"mathematic"
4,0,198,"mathematic"
5,1,198,"mathematic"
6,1,198,"mathematic"
7,1,198,"mathematic"
8,1,198,"mathematic"
9,0,198,"mathematic"
10,1,198,"mathematic"
1,0,199,"mathematic"
2,0,199,"mathematic"
3,0,199,"mathematic"
4,0,199,"mathematic"
5,0,199,"mathematic"
6,0,199,"mathematic"
1,0,200,"mathematic"
2,0,200,"mathematic"
3,1,200,"mathematic"
4,1,200,"mathematic"
5,0,200,"mathematic"
6,1,200,"mathematic"
7,1,200,"mathematic"
8,1,200,"mathematic"
9,1,200,"mathematic"
1,1,201,"mathematic"
2,1,201,"mathematic"
3,1,201,"mathematic"
4,1,201,"mathematic"
5,1,201,"mathematic"
6,1,201,"mathematic"
7,1,201,"mathematic"
1,1,202,"mathematic"
2,1,202,"mathematic"
3,1,202,"mathematic"
4,1,202,"mathematic"
1,0,203,"mathematic"
2,0,203,"mathematic"
3,0,203,"mathematic"
4,0,203,"mathematic"
5,0,203,"mathematic"
6,0,203,"mathematic"
7,0,203,"mathematic"
8,0,203,"mathematic"
1,1,204,"mathematic"
2,0,204,"mathematic"
3,0,204,"mathematic"
4,0,204,"mathematic"
5,1,204,"mathematic"
6,1,204,"mathematic"
7,1,204,"mathematic"
8,1,204,"mathematic"
1,0,205,"mathematic"
2,0,205,"mathematic"
3,0,205,"mathematic"
4,1,205,"mathematic"
5,1,205,"mathematic"
6,1,205,"mathematic"
7,1,205,"mathematic"
8,1,205,"mathematic"
9,1,205,"mathematic"
1,0,206,"mathematic"
2,0,206,"mathematic"
3,1,206,"mathematic"
4,1,206,"mathematic"
5,1,206,"mathematic"
6,1,206,"mathematic"
7,1,206,"mathematic"
8,1,206,"mathematic"
1,1,207,"mathematic"
2,1,207,"mathematic"
3,1,207,"mathematic"
4,1,207,"mathematic"
5,1,207,"mathematic"
1,1,208,"mathematic"
2,1,208,"mathematic"
3,1,208,"mathematic"
4,1,208,"mathematic"
5,1,208,"mathematic"
6,1,208,"mathematic"
7,0,208,"mathematic"
8,1,208,"mathematic"
1,1,209,"mathematic"
2,1,209,"mathematic"
3,1,209,"mathematic"
4,1,209,"mathematic"
5,1,209,"mathematic"
1,0,210,"mathematic"
2,0,210,"mathematic"
3,1,210,"mathematic"
4,0,210,"mathematic"
5,0,210,"mathematic"
6,1,210,"mathematic"
7,1,210,"mathematic"
1,0,211,"mathematic"
1,0,212,"mathematic"
2,0,212,"mathematic"
3,0,212,"mathematic"
4,1,212,"mathematic"
5,0,212,"mathematic"
6,1,212,"mathematic"
7,1,212,"mathematic"
8,1,212,"mathematic"
9,1,212,"mathematic"
1,0,213,"mathematic"
2,0,213,"mathematic"
3,0,213,"mathematic"
4,0,213,"mathematic"
1,0,214,"mathematic"
2,0,214,"mathematic"
3,1,214,"mathematic"
1,0,215,"mathematic"
1,0,216,"mathematic"
2,1,216,"mathematic"
3,1,216,"mathematic"
1,0,217,"mathematic"
2,0,217,"mathematic"
3,0,217,"mathematic"
4,1,217,"mathematic"
1,1,218,"mathematic"
2,1,218,"mathematic"
3,1,218,"mathematic"
4,0,218,"mathematic"
5,1,218,"mathematic"
6,1,218,"mathematic"
7,1,218,"mathematic"
8,1,218,"mathematic"
9,1,218,"mathematic"
10,1,218,"mathematic"
1,0,219,"mathematic"
2,0,219,"mathematic"
3,1,219,"mathematic"
4,1,219,"mathematic"
1,0,220,"mathematic"
2,0,220,"mathematic"
3,0,220,"mathematic"
1,1,221,"mathematic"
2,1,221,"mathematic"
3,1,221,"mathematic"
4,1,221,"mathematic"
5,1,221,"mathematic"
6,1,221,"mathematic"
7,1,221,"mathematic"
8,0,221,"mathematic"
9,1,221,"mathematic"
1,1,222,"mathematic"
2,1,222,"mathematic"
3,1,222,"mathematic"
4,1,222,"mathematic"
5,1,222,"mathematic"
6,1,222,"mathematic"
7,1,222,"mathematic"
8,1,222,"mathematic"
1,0,223,"mathematic"
2,0,223,"mathematic"
3,1,223,"mathematic"
4,0,223,"mathematic"
5,1,223,"mathematic"
6,1,223,"mathematic"
7,1,223,"mathematic"
8,1,223,"mathematic"
1,0,224,"mathematic"
2,1,224,"mathematic"
3,0,224,"mathematic"
4,0,224,"mathematic"
1,1,225,"mathematic"
2,0,225,"mathematic"
3,1,225,"mathematic"
4,1,225,"mathematic"
5,1,225,"mathematic"
6,1,225,"mathematic"
7,1,225,"mathematic"
1,0,226,"mathematic"
2,0,226,"mathematic"
3,0,226,"mathematic"
4,1,226,"mathematic"
5,0,226,"mathematic"
6,1,226,"mathematic"
7,1,226,"mathematic"
8,1,226,"mathematic"
9,1,226,"mathematic"
10,1,226,"mathematic"
1,0,227,"mathematic"
2,0,227,"mathematic"
3,1,227,"mathematic"
4,1,227,"mathematic"
5,1,227,"mathematic"
6,1,227,"mathematic"
7,1,227,"mathematic"
8,1,227,"mathematic"
9,1,227,"mathematic"
1,0,228,"mathematic"
2,0,228,"mathematic"
3,1,228,"mathematic"
4,1,228,"mathematic"
5,1,228,"mathematic"
6,1,228,"mathematic"
1,0,229,"mathematic"
2,1,229,"mathematic"
3,1,229,"mathematic"
4,1,229,"mathematic"
1,0,230,"mathematic"
2,0,230,"mathematic"
3,1,230,"mathematic"
4,1,230,"mathematic"
5,0,230,"mathematic"
6,1,230,"mathematic"
7,1,230,"mathematic"
8,1,230,"mathematic"
9,1,230,"mathematic"
1,0,231,"mathematic"
2,0,231,"mathematic"
3,1,231,"mathematic"
4,0,231,"mathematic"
5,1,231,"mathematic"
6,1,231,"mathematic"
7,1,231,"mathematic"
8,1,231,"mathematic"
9,1,231,"mathematic"
10,1,231,"mathematic"
1,0,232,"mathematic"
2,1,232,"mathematic"
3,1,232,"mathematic"
4,1,232,"mathematic"
5,1,232,"mathematic"
6,1,232,"mathematic"
7,1,232,"mathematic"
8,1,232,"mathematic"
1,0,233,"mathematic"
2,1,233,"mathematic"
3,0,233,"mathematic"
4,0,233,"mathematic"
1,0,234,"mathematic"
2,0,234,"mathematic"
3,0,234,"mathematic"
1,0,235,"mathematic"
2,0,235,"mathematic"
3,1,235,"mathematic"
1,0,236,"mathematic"
2,0,236,"mathematic"
1,1,237,"mathematic"
2,1,237,"mathematic"
3,1,237,"mathematic"
1,0,238,"mathematic"
2,0,238,"mathematic"
3,0,238,"mathematic"
4,1,238,"mathematic"
5,1,238,"mathematic"
6,1,238,"mathematic"
1,0,239,"mathematic"
2,1,239,"mathematic"
3,1,239,"mathematic"
4,0,239,"mathematic"
5,1,239,"mathematic"
1,0,240,"mathematic"
2,1,240,"mathematic"
3,1,240,"mathematic"
4,1,240,"mathematic"
5,1,240,"mathematic"
6,1,240,"mathematic"
7,1,240,"mathematic"
8,1,240,"mathematic"
1,0,241,"mathematic"
2,0,241,"mathematic"
3,1,241,"mathematic"
4,1,241,"mathematic"
5,1,241,"mathematic"
6,1,241,"mathematic"
7,1,241,"mathematic"
8,1,241,"mathematic"
1,0,242,"mathematic"
2,1,242,"mathematic"
3,1,242,"mathematic"
1,1,243,"mathematic"
2,0,243,"mathematic"
1,0,244,"mathematic"
2,1,244,"mathematic"
3,1,244,"mathematic"
4,1,244,"mathematic"
5,1,244,"mathematic"
6,1,244,"mathematic"
7,1,244,"mathematic"
8,1,244,"mathematic"
9,1,244,"mathematic"
1,0,245,"mathematic"
2,1,245,"mathematic"
1,1,246,"mathematic"
2,1,246,"mathematic"
1,1,247,"mathematic"
2,1,247,"mathematic"
3,1,247,"mathematic"
4,1,247,"mathematic"
5,1,247,"mathematic"
6,0,247,"mathematic"
7,1,247,"mathematic"
8,1,247,"mathematic"
9,1,247,"mathematic"
10,1,247,"mathematic"
1,0,248,"mathematic"
2,0,248,"mathematic"
3,0,248,"mathematic"
1,0,249,"mathematic"
2,1,249,"mathematic"
3,1,249,"mathematic"
4,1,249,"mathematic"
5,1,249,"mathematic"
6,1,249,"mathematic"
7,1,249,"mathematic"
8,1,249,"mathematic"
9,1,249,"mathematic"
10,1,249,"mathematic"
1,0,250,"mathematic"
2,0,250,"mathematic"
3,0,250,"mathematic"
4,1,250,"mathematic"
1,0,251,"mathematic"
2,1,251,"mathematic"
3,1,251,"mathematic"
4,1,251,"mathematic"
5,1,251,"mathematic"
6,1,251,"mathematic"
7,1,251,"mathematic"
8,1,251,"mathematic"
9,1,251,"mathematic"
10,1,251,"mathematic"
1,1,252,"mathematic"
1,0,253,"mathematic"
2,1,253,"mathematic"
3,1,253,"mathematic"
4,1,253,"mathematic"
1,1,254,"mathematic"
2,1,254,"mathematic"
3,1,254,"mathematic"
4,1,254,"mathematic"
1,1,255,"mathematic"
2,1,255,"mathematic"
1,0,256,"mathematic"
2,1,256,"mathematic"
3,1,256,"mathematic"
1,0,257,"mathematic"
2,1,257,"mathematic"
3,1,257,"mathematic"
4,1,257,"mathematic"
5,1,257,"mathematic"
1,0,258,"mathematic"
2,0,258,"mathematic"
3,1,258,"mathematic"
4,1,258,"mathematic"
5,1,258,"mathematic"
1,1,259,"mathematic"
2,0,259,"mathematic"
3,0,259,"mathematic"
1,0,260,"mathematic"
2,1,260,"mathematic"
3,1,260,"mathematic"
1,0,261,"mathematic"
2,0,261,"mathematic"
3,1,261,"mathematic"
4,1,261,"mathematic"
5,1,261,"mathematic"
6,1,261,"mathematic"
7,1,261,"mathematic"
8,1,261,"mathematic"
9,1,261,"mathematic"
10,1,261,"mathematic"
1,0,262,"mathematic"
2,1,262,"mathematic"
3,1,262,"mathematic"
4,1,262,"mathematic"
5,1,262,"mathematic"
6,1,262,"mathematic"
7,1,262,"mathematic"
1,1,263,"mathematic"
2,1,263,"mathematic"
3,1,263,"mathematic"
4,1,263,"mathematic"
5,1,263,"mathematic"
6,1,263,"mathematic"
7,1,263,"mathematic"
8,1,263,"mathematic"
9,1,263,"mathematic"
1,0,264,"mathematic"
2,0,264,"mathematic"
3,0,264,"mathematic"
1,0,265,"mathematic"
2,0,265,"mathematic"
3,0,265,"mathematic"
4,0,265,"mathematic"
5,0,265,"mathematic"
1,0,266,"mathematic"
2,1,266,"mathematic"
3,1,266,"mathematic"
4,1,266,"mathematic"
5,1,266,"mathematic"
6,0,266,"mathematic"
7,1,266,"mathematic"
8,1,266,"mathematic"
9,1,266,"mathematic"
1,0,267,"mathematic"
2,0,267,"mathematic"
3,0,267,"mathematic"
1,1,268,"mathematic"
2,0,268,"mathematic"
3,1,268,"mathematic"
4,1,268,"mathematic"
1,1,269,"mathematic"
2,0,269,"mathematic"
3,1,269,"mathematic"
4,1,269,"mathematic"
5,1,269,"mathematic"
1,0,270,"mathematic"
2,1,270,"mathematic"
3,1,270,"mathematic"
4,1,270,"mathematic"
5,1,270,"mathematic"
6,0,270,"mathematic"
7,1,270,"mathematic"
8,1,270,"mathematic"
9,1,270,"mathematic"
1,0,271,"mathematic"
2,1,271,"mathematic"
3,1,271,"mathematic"
4,1,271,"mathematic"
5,1,271,"mathematic"
6,1,271,"mathematic"
7,1,271,"mathematic"
8,1,271,"mathematic"
1,0,272,"mathematic"
2,0,272,"mathematic"
3,0,272,"mathematic"
4,0,272,"mathematic"
5,1,272,"mathematic"
6,1,272,"mathematic"
7,1,272,"mathematic"
8,1,272,"mathematic"
1,1,273,"mathematic"
2,1,273,"mathematic"
3,0,273,"mathematic"
4,1,273,"mathematic"
5,1,273,"mathematic"
6,1,273,"mathematic"
7,1,273,"mathematic"
8,1,273,"mathematic"
9,1,273,"mathematic"
10,1,273,"mathematic"
1,1,274,"mathematic"
2,1,274,"mathematic"
3,1,274,"mathematic"
4,1,274,"mathematic"
5,1,274,"mathematic"
6,1,274,"mathematic"
7,1,274,"mathematic"
8,1,274,"mathematic"
9,1,274,"mathematic"
1,0,275,"mathematic"
2,0,275,"mathematic"
3,0,275,"mathematic"
4,0,275,"mathematic"
5,1,275,"mathematic"
6,1,275,"mathematic"
7,1,275,"mathematic"
8,1,275,"mathematic"
1,0,276,"mathematic"
1,0,277,"mathematic"
2,0,277,"mathematic"
3,0,277,"mathematic"
4,0,277,"mathematic"
5,0,277,"mathematic"
6,0,277,"mathematic"
1,0,278,"mathematic"
2,0,278,"mathematic"
3,0,278,"mathematic"
1,0,279,"mathematic"
2,0,279,"mathematic"
3,1,279,"mathematic"
4,0,279,"mathematic"
5,0,279,"mathematic"
6,0,279,"mathematic"
7,0,279,"mathematic"
8,0,279,"mathematic"
9,0,279,"mathematic"
1,0,280,"mathematic"
1,0,281,"mathematic"
2,1,281,"mathematic"
1,1,282,"mathematic"
2,0,282,"mathematic"
3,0,282,"mathematic"
4,0,282,"mathematic"
5,0,282,"mathematic"
6,1,282,"mathematic"
7,1,282,"mathematic"
8,1,282,"mathematic"
9,1,282,"mathematic"
10,1,282,"mathematic"
1,0,283,"mathematic"
2,0,283,"mathematic"
3,1,283,"mathematic"
4,1,283,"mathematic"
5,1,283,"mathematic"
6,1,283,"mathematic"
7,1,283,"mathematic"
8,1,283,"mathematic"
9,1,283,"mathematic"
10,1,283,"mathematic"
1,0,284,"mathematic"
2,0,284,"mathematic"
3,0,284,"mathematic"
4,1,284,"mathematic"
5,1,284,"mathematic"
6,1,284,"mathematic"
7,0,284,"mathematic"
1,0,285,"mathematic"
2,0,285,"mathematic"
3,0,285,"mathematic"
4,0,285,"mathematic"
5,0,285,"mathematic"
6,0,285,"mathematic"
7,0,285,"mathematic"
8,0,285,"mathematic"
9,1,285,"mathematic"
1,0,286,"mathematic"
2,0,286,"mathematic"
3,1,286,"mathematic"
4,0,286,"mathematic"
5,0,286,"mathematic"
6,1,286,"mathematic"
7,1,286,"mathematic"
1,0,287,"mathematic"
1,0,288,"mathematic"
2,0,288,"mathematic"
1,0,289,"mathematic"
2,1,289,"mathematic"
3,1,289,"mathematic"
4,1,289,"mathematic"
5,1,289,"mathematic"
6,0,289,"mathematic"
7,1,289,"mathematic"
8,1,289,"mathematic"
9,1,289,"mathematic"
10,1,289,"mathematic"
1,0,290,"mathematic"
1,0,291,"mathematic"
2,0,291,"mathematic"
1,0,292,"mathematic"
2,1,292,"mathematic"
3,1,292,"mathematic"
4,1,292,"mathematic"
5,1,292,"mathematic"
6,1,292,"mathematic"
7,1,292,"mathematic"
1,0,293,"mathematic"
2,1,293,"mathematic"
3,1,293,"mathematic"
4,1,293,"mathematic"
5,1,293,"mathematic"
6,1,293,"mathematic"
7,1,293,"mathematic"
1,0,294,"mathematic"
2,1,294,"mathematic"
3,1,294,"mathematic"
1,0,295,"mathematic"
2,1,295,"mathematic"
3,0,295,"mathematic"
4,1,295,"mathematic"
5,1,295,"mathematic"
6,1,295,"mathematic"
7,1,295,"mathematic"
8,0,295,"mathematic"
1,1,296,"mathematic"
2,0,296,"mathematic"
3,1,296,"mathematic"
4,1,296,"mathematic"
5,1,296,"mathematic"
6,1,296,"mathematic"
7,1,296,"mathematic"
8,1,296,"mathematic"
9,0,296,"mathematic"
1,0,297,"mathematic"
2,0,297,"mathematic"
1,0,298,"mathematic"
2,1,298,"mathematic"
3,1,298,"mathematic"
4,0,298,"mathematic"
5,1,298,"mathematic"
6,1,298,"mathematic"
7,0,298,"mathematic"
8,1,298,"mathematic"
9,1,298,"mathematic"
10,1,298,"mathematic"
1,0,299,"mathematic"
2,0,299,"mathematic"
3,0,299,"mathematic"
4,0,299,"mathematic"
1,1,300,"mathematic"
2,1,300,"mathematic"
3,1,300,"mathematic"
1,0,301,"mathematic"
2,1,301,"mathematic"
3,1,301,"mathematic"
4,1,301,"mathematic"
5,1,301,"mathematic"
6,1,301,"mathematic"
1,0,302,"mathematic"
2,1,302,"mathematic"
3,1,302,"mathematic"
4,1,302,"mathematic"
5,1,302,"mathematic"
6,1,302,"mathematic"
7,1,302,"mathematic"
8,1,302,"mathematic"
9,1,302,"mathematic"
10,1,302,"mathematic"
1,1,303,"mathematic"
2,1,303,"mathematic"
3,1,303,"mathematic"
4,1,303,"mathematic"
5,0,303,"mathematic"
6,1,303,"mathematic"
7,1,303,"mathematic"
1,0,304,"mathematic"
2,0,304,"mathematic"
3,1,304,"mathematic"
1,0,305,"mathematic"
2,1,305,"mathematic"
3,0,305,"mathematic"
4,0,305,"mathematic"
5,0,305,"mathematic"
6,1,305,"mathematic"
7,0,305,"mathematic"
8,1,305,"mathematic"
9,1,305,"mathematic"
1,0,306,"mathematic"
2,0,306,"mathematic"
3,1,306,"mathematic"
4,1,306,"mathematic"
5,1,306,"mathematic"
6,1,306,"mathematic"
7,1,306,"mathematic"
8,1,306,"mathematic"
9,1,306,"mathematic"
10,1,306,"mathematic"
1,0,307,"mathematic"
2,0,307,"mathematic"
3,1,307,"mathematic"
4,0,307,"mathematic"
5,0,307,"mathematic"
6,0,307,"mathematic"
7,1,307,"mathematic"
8,1,307,"mathematic"
1,1,308,"mathematic"
2,1,308,"mathematic"
3,1,308,"mathematic"
4,1,308,"mathematic"
5,1,308,"mathematic"
6,1,308,"mathematic"
7,0,308,"mathematic"
8,1,308,"mathematic"
1,0,309,"mathematic"
2,0,309,"mathematic"
1,1,310,"mathematic"
2,1,310,"mathematic"
3,1,310,"mathematic"
4,1,310,"mathematic"
5,1,310,"mathematic"
6,1,310,"mathematic"
7,1,310,"mathematic"
8,0,310,"mathematic"
1,1,311,"mathematic"
2,1,311,"mathematic"
3,1,311,"mathematic"
4,1,311,"mathematic"
5,1,311,"mathematic"
6,1,311,"mathematic"
7,1,311,"mathematic"
8,1,311,"mathematic"
9,1,311,"mathematic"
10,1,311,"mathematic"
1,0,312,"mathematic"
2,1,312,"mathematic"
3,0,312,"mathematic"
4,0,312,"mathematic"
5,1,312,"mathematic"
1,1,313,"mathematic"
2,1,313,"mathematic"
3,1,313,"mathematic"
4,1,313,"mathematic"
5,1,313,"mathematic"
6,1,313,"mathematic"
7,0,313,"mathematic"
8,1,313,"mathematic"
1,1,314,"mathematic"
2,0,314,"mathematic"
3,0,314,"mathematic"
4,0,314,"mathematic"
5,0,314,"mathematic"
6,0,314,"mathematic"
7,0,314,"mathematic"
1,0,315,"mathematic"
2,1,315,"mathematic"
3,1,315,"mathematic"
4,1,315,"mathematic"
1,1,316,"mathematic"
2,1,316,"mathematic"
3,1,316,"mathematic"
4,1,316,"mathematic"
5,1,316,"mathematic"
6,1,316,"mathematic"
1,0,317,"mathematic"
2,1,317,"mathematic"
3,1,317,"mathematic"
4,1,317,"mathematic"
1,1,318,"mathematic"
2,1,318,"mathematic"
3,1,318,"mathematic"
4,1,318,"mathematic"
5,1,318,"mathematic"
6,1,318,"mathematic"
7,1,318,"mathematic"
8,0,318,"mathematic"
1,0,319,"mathematic"
2,0,319,"mathematic"
3,1,319,"mathematic"
4,1,319,"mathematic"
5,1,319,"mathematic"
6,1,319,"mathematic"
7,1,319,"mathematic"
8,1,319,"mathematic"
9,1,319,"mathematic"
10,1,319,"mathematic"
1,0,320,"mathematic"
2,0,320,"mathematic"
3,0,320,"mathematic"
4,0,320,"mathematic"
5,0,320,"mathematic"
6,1,320,"mathematic"
7,0,320,"mathematic"
8,0,320,"mathematic"
9,1,320,"mathematic"
1,0,321,"mathematic"
2,0,321,"mathematic"
3,0,321,"mathematic"
4,0,321,"mathematic"
5,0,321,"mathematic"
1,0,322,"mathematic"
2,0,322,"mathematic"
1,1,323,"mathematic"
2,1,323,"mathematic"
3,1,323,"mathematic"
4,1,323,"mathematic"
5,0,323,"mathematic"
1,0,324,"mathematic"
2,1,324,"mathematic"
3,1,324,"mathematic"
4,1,324,"mathematic"
5,1,324,"mathematic"
6,1,324,"mathematic"
7,1,324,"mathematic"
8,1,324,"mathematic"
1,0,325,"mathematic"
2,1,325,"mathematic"
3,1,325,"mathematic"
4,0,325,"mathematic"
5,1,325,"mathematic"
6,1,325,"mathematic"
1,0,326,"mathematic"
2,0,326,"mathematic"
3,0,326,"mathematic"
1,1,327,"mathematic"
2,1,327,"mathematic"
3,1,327,"mathematic"
4,1,327,"mathematic"
5,1,327,"mathematic"
6,1,327,"mathematic"
7,1,327,"mathematic"
8,1,327,"mathematic"
9,1,327,"mathematic"
10,1,327,"mathematic"
1,1,328,"mathematic"
2,1,328,"mathematic"
3,1,328,"mathematic"
4,0,328,"mathematic"
5,1,328,"mathematic"
6,1,328,"mathematic"
7,0,328,"mathematic"
8,1,328,"mathematic"
9,1,328,"mathematic"
1,0,329,"mathematic"
2,1,329,"mathematic"
3,0,329,"mathematic"
1,1,330,"mathematic"
2,1,330,"mathematic"
3,1,330,"mathematic"
4,1,330,"mathematic"
5,1,330,"mathematic"
1,0,331,"mathematic"
2,0,331,"mathematic"
3,1,331,"mathematic"
4,0,331,"mathematic"
5,0,331,"mathematic"
6,0,331,"mathematic"
7,1,331,"mathematic"
8,1,331,"mathematic"
9,1,331,"mathematic"
10,1,331,"mathematic"
1,0,332,"mathematic"
2,1,332,"mathematic"
3,1,332,"mathematic"
4,1,332,"mathematic"
5,1,332,"mathematic"
6,1,332,"mathematic"
7,1,332,"mathematic"
8,1,332,"mathematic"
9,1,332,"mathematic"
10,1,332,"mathematic"
1,0,333,"mathematic"
1,0,334,"mathematic"
1,1,335,"mathematic"
2,1,335,"mathematic"
3,1,335,"mathematic"
1,0,336,"mathematic"
2,1,336,"mathematic"
3,1,336,"mathematic"
4,1,336,"mathematic"
1,0,337,"mathematic"
2,1,337,"mathematic"
3,0,337,"mathematic"
4,0,337,"mathematic"
5,1,337,"mathematic"
1,1,338,"mathematic"
2,0,338,"mathematic"
3,0,338,"mathematic"
4,0,338,"mathematic"
5,1,338,"mathematic"
6,0,338,"mathematic"
7,0,338,"mathematic"
1,0,339,"mathematic"
2,0,339,"mathematic"
3,0,339,"mathematic"
4,0,339,"mathematic"
5,0,339,"mathematic"
6,1,339,"mathematic"
7,1,339,"mathematic"
8,1,339,"mathematic"
1,0,340,"mathematic"
2,0,340,"mathematic"
3,1,340,"mathematic"
4,1,340,"mathematic"
1,0,341,"mathematic"
2,1,341,"mathematic"
3,0,341,"mathematic"
4,1,341,"mathematic"
5,1,341,"mathematic"
1,0,342,"mathematic"
2,1,342,"mathematic"
1,0,343,"mathematic"
1,0,344,"mathematic"
2,0,344,"mathematic"
1,0,345,"mathematic"
2,0,345,"mathematic"
3,0,345,"mathematic"
4,1,345,"mathematic"
5,1,345,"mathematic"
6,1,345,"mathematic"
7,1,345,"mathematic"
8,1,345,"mathematic"
1,0,346,"mathematic"
2,0,346,"mathematic"
3,0,346,"mathematic"
4,0,346,"mathematic"
5,0,346,"mathematic"
6,0,346,"mathematic"
7,1,346,"mathematic"
8,1,346,"mathematic"
9,1,346,"mathematic"
1,1,347,"mathematic"
2,1,347,"mathematic"
3,1,347,"mathematic"
4,1,347,"mathematic"
5,1,347,"mathematic"
1,0,348,"mathematic"
2,1,348,"mathematic"
3,1,348,"mathematic"
4,1,348,"mathematic"
5,1,348,"mathematic"
6,1,348,"mathematic"
7,1,348,"mathematic"
8,1,348,"mathematic"
9,1,348,"mathematic"
1,0,349,"mathematic"
2,0,349,"mathematic"
3,0,349,"mathematic"
4,1,349,"mathematic"
5,1,349,"mathematic"
6,1,349,"mathematic"
7,1,349,"mathematic"
8,1,349,"mathematic"
1,0,350,"mathematic"
2,1,350,"mathematic"
3,1,350,"mathematic"
4,1,350,"mathematic"
5,1,350,"mathematic"
6,1,350,"mathematic"
7,1,350,"mathematic"
8,1,350,"mathematic"
9,1,350,"mathematic"
1,1,351,"mathematic"
2,1,351,"mathematic"
3,0,351,"mathematic"
4,1,351,"mathematic"
5,1,351,"mathematic"
1,1,352,"mathematic"
2,1,352,"mathematic"
3,1,352,"mathematic"
4,1,352,"mathematic"
1,1,353,"mathematic"
2,1,353,"mathematic"
3,1,353,"mathematic"
4,1,353,"mathematic"
5,1,353,"mathematic"
6,1,353,"mathematic"
7,1,353,"mathematic"
8,1,353,"mathematic"
9,1,353,"mathematic"
1,1,354,"mathematic"
2,0,354,"mathematic"
3,0,354,"mathematic"
4,1,354,"mathematic"
5,1,354,"mathematic"
6,1,354,"mathematic"
7,1,354,"mathematic"
8,1,354,"mathematic"
1,0,355,"mathematic"
1,0,356,"mathematic"
2,1,356,"mathematic"
3,1,356,"mathematic"
4,1,356,"mathematic"
5,1,356,"mathematic"
6,1,356,"mathematic"
1,1,357,"mathematic"
2,1,357,"mathematic"
3,1,357,"mathematic"
4,0,357,"mathematic"
5,0,357,"mathematic"
1,0,358,"mathematic"
2,0,358,"mathematic"
3,1,358,"mathematic"
1,0,359,"mathematic"
1,0,360,"mathematic"
2,1,360,"mathematic"
1,1,361,"mathematic"
2,1,361,"mathematic"
3,0,361,"mathematic"
4,1,361,"mathematic"
5,0,361,"mathematic"
6,1,361,"mathematic"
7,1,361,"mathematic"
8,1,361,"mathematic"
9,1,361,"mathematic"
10,0,361,"mathematic"
1,0,362,"mathematic"
2,0,362,"mathematic"
1,0,363,"mathematic"
2,0,363,"mathematic"
3,0,363,"mathematic"
4,0,363,"mathematic"
5,0,363,"mathematic"
6,1,363,"mathematic"
7,1,363,"mathematic"
1,1,364,"mathematic"
2,1,364,"mathematic"
3,1,364,"mathematic"
1,1,365,"mathematic"
2,1,365,"mathematic"
3,1,365,"mathematic"
4,1,365,"mathematic"
5,1,365,"mathematic"
6,1,365,"mathematic"
7,1,365,"mathematic"
1,0,366,"mathematic"
2,0,366,"mathematic"
3,1,366,"mathematic"
4,1,366,"mathematic"
1,0,367,"mathematic"
2,1,367,"mathematic"
3,1,367,"mathematic"
1,0,368,"mathematic"
2,0,368,"mathematic"
3,1,368,"mathematic"
4,0,368,"mathematic"
5,0,368,"mathematic"
6,1,368,"mathematic"
7,0,368,"mathematic"
8,0,368,"mathematic"
9,0,368,"mathematic"
1,1,369,"mathematic"
2,1,369,"mathematic"
3,1,369,"mathematic"
1,0,370,"mathematic"
2,0,370,"mathematic"
3,1,370,"mathematic"
1,0,371,"mathematic"
2,1,371,"mathematic"
3,1,371,"mathematic"
4,1,371,"mathematic"
5,0,371,"mathematic"
6,1,371,"mathematic"
1,0,372,"mathematic"
2,0,372,"mathematic"
3,1,372,"mathematic"
4,1,372,"mathematic"
1,0,373,"mathematic"
2,1,373,"mathematic"
3,0,373,"mathematic"
4,1,373,"mathematic"
5,0,373,"mathematic"
6,0,373,"mathematic"
7,1,373,"mathematic"
8,1,373,"mathematic"
9,1,373,"mathematic"
1,1,374,"mathematic"
1,0,375,"mathematic"
2,0,375,"mathematic"
3,0,375,"mathematic"
4,0,375,"mathematic"
1,0,376,"mathematic"
2,1,376,"mathematic"
3,1,376,"mathematic"
4,1,376,"mathematic"
5,1,376,"mathematic"
1,1,377,"mathematic"
2,1,377,"mathematic"
3,1,377,"mathematic"
4,1,377,"mathematic"
5,1,377,"mathematic"
1,0,378,"mathematic"
2,0,378,"mathematic"
3,0,378,"mathematic"
1,0,379,"mathematic"
2,0,379,"mathematic"
3,0,379,"mathematic"
4,1,379,"mathematic"
5,1,379,"mathematic"
6,1,379,"mathematic"
7,1,379,"mathematic"
8,1,379,"mathematic"
1,0,380,"mathematic"
2,0,380,"mathematic"
1,0,381,"mathematic"
2,0,381,"mathematic"
3,0,381,"mathematic"
4,0,381,"mathematic"
5,0,381,"mathematic"
6,1,381,"mathematic"
7,1,381,"mathematic"
8,1,381,"mathematic"
9,1,381,"mathematic"
1,0,382,"mathematic"
2,0,382,"mathematic"
3,0,382,"mathematic"
4,0,382,"mathematic"
5,1,382,"mathematic"
6,1,382,"mathematic"
1,0,383,"mathematic"
2,0,383,"mathematic"
3,0,383,"mathematic"
4,0,383,"mathematic"
5,0,383,"mathematic"
6,1,383,"mathematic"
7,1,383,"mathematic"
8,1,383,"mathematic"
9,1,383,"mathematic"
1,0,384,"mathematic"
1,1,385,"mathematic"
2,1,385,"mathematic"
3,1,385,"mathematic"
1,0,386,"mathematic"
2,1,386,"mathematic"
3,1,386,"mathematic"
4,1,386,"mathematic"
5,1,386,"mathematic"
6,1,386,"mathematic"
7,1,386,"mathematic"
8,1,386,"mathematic"
1,0,387,"mathematic"
2,1,387,"mathematic"
3,0,387,"mathematic"
4,1,387,"mathematic"
5,0,387,"mathematic"
6,0,387,"mathematic"
1,0,388,"mathematic"
2,0,388,"mathematic"
3,1,388,"mathematic"
4,1,388,"mathematic"
1,0,389,"mathematic"
2,0,389,"mathematic"
3,0,389,"mathematic"
4,1,389,"mathematic"
1,1,390,"mathematic"
2,0,390,"mathematic"
3,1,390,"mathematic"
4,1,390,"mathematic"
5,1,390,"mathematic"
6,1,390,"mathematic"
7,1,390,"mathematic"
8,1,390,"mathematic"
9,1,390,"mathematic"
10,0,390,"mathematic"
1,0,391,"mathematic"
1,0,392,"mathematic"
2,1,392,"mathematic"
3,1,392,"mathematic"
4,1,392,"mathematic"
5,1,392,"mathematic"
6,1,392,"mathematic"
7,1,392,"mathematic"
8,0,392,"mathematic"
1,1,393,"mathematic"
2,1,393,"mathematic"
3,1,393,"mathematic"
4,1,393,"mathematic"
5,1,393,"mathematic"
6,1,393,"mathematic"
7,1,393,"mathematic"
8,1,393,"mathematic"
1,1,394,"mathematic"
1,0,395,"mathematic"
2,0,395,"mathematic"
3,0,395,"mathematic"
4,0,395,"mathematic"
5,0,395,"mathematic"
6,0,395,"mathematic"
7,0,395,"mathematic"
8,1,395,"mathematic"
1,0,396,"mathematic"
2,1,396,"mathematic"
3,0,396,"mathematic"
4,0,396,"mathematic"
1,1,397,"mathematic"
2,0,397,"mathematic"
3,1,397,"mathematic"
4,1,397,"mathematic"
5,1,397,"mathematic"
6,1,397,"mathematic"
7,1,397,"mathematic"
8,1,397,"mathematic"
9,0,397,"mathematic"
1,0,398,"mathematic"
2,0,398,"mathematic"
3,0,398,"mathematic"
4,0,398,"mathematic"
5,0,398,"mathematic"
6,0,398,"mathematic"
1,0,399,"mathematic"
2,0,399,"mathematic"
3,1,399,"mathematic"
4,0,399,"mathematic"
5,1,399,"mathematic"
6,1,399,"mathematic"
7,1,399,"mathematic"
8,1,399,"mathematic"
9,1,399,"mathematic"
10,1,399,"mathematic"
1,0,400,"mathematic"
2,0,400,"mathematic"
3,0,400,"mathematic"
1,0,401,"mathematic"
1,1,402,"mathematic"
1,1,403,"mathematic"
2,0,403,"mathematic"
1,1,404,"mathematic"
2,1,404,"mathematic"
3,1,404,"mathematic"
4,1,404,"mathematic"
5,1,404,"mathematic"
6,0,404,"mathematic"
1,1,405,"mathematic"
2,1,405,"mathematic"
3,1,405,"mathematic"
4,1,405,"mathematic"
1,0,406,"mathematic"
2,0,406,"mathematic"
3,0,406,"mathematic"
4,1,406,"mathematic"
5,1,406,"mathematic"
6,0,406,"mathematic"
7,1,406,"mathematic"
8,1,406,"mathematic"
9,1,406,"mathematic"
10,1,406,"mathematic"
1,0,407,"mathematic"
2,0,407,"mathematic"
3,0,407,"mathematic"
4,1,407,"mathematic"
5,1,407,"mathematic"
6,1,407,"mathematic"
7,1,407,"mathematic"
8,1,407,"mathematic"
9,1,407,"mathematic"
10,1,407,"mathematic"
1,1,408,"mathematic"
2,0,408,"mathematic"
3,1,408,"mathematic"
4,1,408,"mathematic"
5,1,408,"mathematic"
6,1,408,"mathematic"
7,1,408,"mathematic"
8,1,408,"mathematic"
9,1,408,"mathematic"
10,1,408,"mathematic"
1,0,409,"mathematic"
2,0,409,"mathematic"
3,0,409,"mathematic"
1,0,410,"mathematic"
2,0,410,"mathematic"
3,0,410,"mathematic"
4,0,410,"mathematic"
5,0,410,"mathematic"
6,1,410,"mathematic"
7,1,410,"mathematic"
8,1,410,"mathematic"
9,1,410,"mathematic"
1,1,411,"mathematic"
2,1,411,"mathematic"
1,0,412,"mathematic"
2,0,412,"mathematic"
3,0,412,"mathematic"
4,0,412,"mathematic"
5,0,412,"mathematic"
6,1,412,"mathematic"
1,1,413,"mathematic"
1,0,414,"mathematic"
2,0,414,"mathematic"
3,1,414,"mathematic"
1,1,415,"mathematic"
2,0,415,"mathematic"
3,1,415,"mathematic"
4,1,415,"mathematic"
5,1,415,"mathematic"
1,0,416,"mathematic"
2,0,416,"mathematic"
3,0,416,"mathematic"
4,1,416,"mathematic"
5,1,416,"mathematic"
6,1,416,"mathematic"
7,0,416,"mathematic"
1,1,417,"mathematic"
2,0,417,"mathematic"
3,0,417,"mathematic"
4,0,417,"mathematic"
5,1,417,"mathematic"
6,0,417,"mathematic"
7,1,417,"mathematic"
8,1,417,"mathematic"
1,1,418,"mathematic"
2,1,418,"mathematic"
1,0,419,"mathematic"
2,0,419,"mathematic"
3,0,419,"mathematic"
4,1,419,"mathematic"
5,1,419,"mathematic"
6,1,419,"mathematic"
1,1,420,"mathematic"
2,0,420,"mathematic"
3,0,420,"mathematic"
4,1,420,"mathematic"
1,1,421,"mathematic"
1,0,422,"mathematic"
2,0,422,"mathematic"
3,0,422,"mathematic"
4,0,422,"mathematic"
5,0,422,"mathematic"
6,0,422,"mathematic"
7,0,422,"mathematic"
1,0,423,"mathematic"
2,1,423,"mathematic"
3,1,423,"mathematic"
4,1,423,"mathematic"
5,1,423,"mathematic"
6,1,423,"mathematic"
7,1,423,"mathematic"
8,0,423,"mathematic"
9,1,423,"mathematic"
10,1,423,"mathematic"
1,0,424,"mathematic"
2,0,424,"mathematic"
3,0,424,"mathematic"
4,0,424,"mathematic"
5,0,424,"mathematic"
6,1,424,"mathematic"
7,1,424,"mathematic"
8,1,424,"mathematic"
9,1,424,"mathematic"
10,0,424,"mathematic"
1,0,425,"mathematic"
2,1,425,"mathematic"
3,1,425,"mathematic"
4,1,425,"mathematic"
5,1,425,"mathematic"
6,1,425,"mathematic"
7,0,425,"mathematic"
8,1,425,"mathematic"
9,1,425,"mathematic"
10,1,425,"mathematic"
1,0,426,"mathematic"
2,0,426,"mathematic"
1,0,427,"mathematic"
2,0,427,"mathematic"
3,0,427,"mathematic"
1,1,428,"mathematic"
2,1,428,"mathematic"
3,1,428,"mathematic"
4,0,428,"mathematic"
5,1,428,"mathematic"
6,1,428,"mathematic"
7,1,428,"mathematic"
8,1,428,"mathematic"
1,1,429,"mathematic"
2,1,429,"mathematic"
3,1,429,"mathematic"
1,0,430,"mathematic"
2,0,430,"mathematic"
3,0,430,"mathematic"
1,1,431,"mathematic"
2,1,431,"mathematic"
3,1,431,"mathematic"
4,1,431,"mathematic"
5,1,431,"mathematic"
1,1,432,"mathematic"
2,1,432,"mathematic"
3,1,432,"mathematic"
4,1,432,"mathematic"
5,0,432,"mathematic"
1,1,433,"mathematic"
1,0,434,"mathematic"
2,1,434,"mathematic"
3,1,434,"mathematic"
4,1,434,"mathematic"
1,0,435,"mathematic"
2,0,435,"mathematic"
3,0,435,"mathematic"
1,0,436,"mathematic"
2,0,436,"mathematic"
3,0,436,"mathematic"
4,0,436,"mathematic"
5,0,436,"mathematic"
6,0,436,"mathematic"
7,0,436,"mathematic"
1,1,437,"mathematic"
2,1,437,"mathematic"
3,1,437,"mathematic"
4,1,437,"mathematic"
5,1,437,"mathematic"
6,1,437,"mathematic"
7,1,437,"mathematic"
8,1,437,"mathematic"
9,1,437,"mathematic"
1,0,438,"mathematic"
2,1,438,"mathematic"
3,1,438,"mathematic"
4,1,438,"mathematic"
5,1,438,"mathematic"
6,1,438,"mathematic"
7,1,438,"mathematic"
1,0,439,"mathematic"
2,1,439,"mathematic"
3,1,439,"mathematic"
4,1,439,"mathematic"
5,1,439,"mathematic"
6,1,439,"mathematic"
7,1,439,"mathematic"
8,1,439,"mathematic"
1,0,440,"mathematic"
2,1,440,"mathematic"
3,0,440,"mathematic"
4,1,440,"mathematic"
5,1,440,"mathematic"
6,0,440,"mathematic"
7,1,440,"mathematic"
1,1,441,"mathematic"
2,0,441,"mathematic"
3,1,441,"mathematic"
4,1,441,"mathematic"
5,1,441,"mathematic"
6,1,441,"mathematic"
7,1,441,"mathematic"
8,1,441,"mathematic"
9,1,441,"mathematic"
1,0,442,"mathematic"
2,0,442,"mathematic"
3,0,442,"mathematic"
4,0,442,"mathematic"
5,0,442,"mathematic"
6,0,442,"mathematic"
7,0,442,"mathematic"
8,0,442,"mathematic"
9,1,442,"mathematic"
1,1,443,"mathematic"
2,1,443,"mathematic"
3,0,443,"mathematic"
4,1,443,"mathematic"
5,1,443,"mathematic"
6,1,443,"mathematic"
1,0,444,"mathematic"
2,0,444,"mathematic"
3,0,444,"mathematic"
4,0,444,"mathematic"
5,1,444,"mathematic"
1,0,445,"mathematic"
2,0,445,"mathematic"
3,0,445,"mathematic"
4,0,445,"mathematic"
5,0,445,"mathematic"
1,1,446,"mathematic"
2,1,446,"mathematic"
3,1,446,"mathematic"
1,0,447,"mathematic"
2,0,447,"mathematic"
3,1,447,"mathematic"
1,0,448,"mathematic"
2,1,448,"mathematic"
3,1,448,"mathematic"
4,1,448,"mathematic"
1,0,449,"mathematic"
2,1,449,"mathematic"
3,1,449,"mathematic"
4,1,449,"mathematic"
5,1,449,"mathematic"
6,1,449,"mathematic"
7,1,449,"mathematic"
8,1,449,"mathematic"
9,1,449,"mathematic"